Source.Name,Date and Time,LAeq
1.csv,5/1/2022 1:00,61.5
1.csv,5/1/2022 2:00,60.5
1.csv,5/1/2022 3:00,59.4
1.csv,5/1/2022 4:00,58.9
1.csv,5/1/2022 5:00,59
1.csv,5/1/2022 6:00,58.7
1.csv,5/1/2022 7:00,59
1.csv,5/1/2022 8:00,61.2
1.csv,5/1/2022 9:00,62.1
1.csv,5/1/2022 10:00,64.6
1.csv,5/1/2022 11:00,66.4
1.csv,5/1/2022 12:00,68.5
1.csv,5/1/2022 13:00,67.9
1.csv,5/1/2022 14:00,68.1
1.csv,5/1/2022 15:00,66.9
1.csv,5/1/2022 16:00,66.7
1.csv,5/1/2022 17:00,65.8
1.csv,5/1/2022 18:00,66
1.csv,5/1/2022 19:00,66.5
1.csv,5/1/2022 20:00,66.3
1.csv,5/1/2022 21:00,65.2
1.csv,5/1/2022 22:00,64.9
1.csv,5/1/2022 23:00,62.9
1.csv,5/2/2022 0:00,62.4
1.csv,5/2/2022 1:00,61.1
1.csv,5/2/2022 2:00,59.3
1.csv,5/2/2022 3:00,57.5
1.csv,5/2/2022 4:00,58.4
1.csv,5/2/2022 5:00,58.1
1.csv,5/2/2022 6:00,58.4
1.csv,5/2/2022 7:00,59.4
1.csv,5/2/2022 8:00,62.4
1.csv,5/2/2022 9:00,62.7
1.csv,5/2/2022 10:00,63.5
1.csv,5/2/2022 11:00,65.3
1.csv,5/2/2022 12:00,65.5
1.csv,5/2/2022 13:00,65.8
1.csv,5/2/2022 14:00,65.6
1.csv,5/2/2022 15:00,65.1
1.csv,5/2/2022 16:00,65.6
1.csv,5/2/2022 17:00,65.7
1.csv,5/2/2022 18:00,66
1.csv,5/2/2022 19:00,66.1
1.csv,5/2/2022 20:00,65.8
1.csv,5/2/2022 21:00,64.8
1.csv,5/2/2022 22:00,63.1
1.csv,5/2/2022 23:00,62.4
1.csv,5/3/2022 0:00,60.5
1.csv,5/3/2022 1:00,58.4
1.csv,5/3/2022 2:00,55.7
1.csv,5/3/2022 3:00,54.3
1.csv,5/3/2022 4:00,53.4
1.csv,5/3/2022 5:00,55.8
1.csv,5/3/2022 6:00,60.4
1.csv,5/3/2022 7:00,64.3
1.csv,5/3/2022 8:00,66.8
1.csv,5/3/2022 9:00,67.7
1.csv,5/3/2022 10:00,65.9
1.csv,5/3/2022 11:00,64.3
1.csv,5/3/2022 12:00,65.3
1.csv,5/3/2022 13:00,65.4
1.csv,5/3/2022 14:00,65.6
1.csv,5/3/2022 15:00,65.4
1.csv,5/3/2022 16:00,66.2
1.csv,5/3/2022 17:00,66.9
1.csv,5/3/2022 18:00,66.6
1.csv,5/3/2022 19:00,66.3
1.csv,5/3/2022 20:00,65
1.csv,5/3/2022 21:00,64.4
1.csv,5/3/2022 22:00,62.5
1.csv,5/3/2022 23:00,61.2
1.csv,5/4/2022 0:00,60.4
1.csv,5/4/2022 1:00,57.9
1.csv,5/4/2022 2:00,54.7
1.csv,5/4/2022 3:00,52.4
1.csv,5/4/2022 4:00,52.8
1.csv,5/4/2022 5:00,55.5
1.csv,5/4/2022 6:00,59.1
1.csv,5/4/2022 7:00,62.7
1.csv,5/4/2022 8:00,65
1.csv,5/4/2022 9:00,65.4
1.csv,5/4/2022 10:00,65.1
1.csv,5/4/2022 11:00,63.8
1.csv,5/4/2022 12:00,64.1
1.csv,5/4/2022 13:00,62.4
1.csv,5/4/2022 14:00,62.7
1.csv,5/4/2022 15:00,62.7
1.csv,5/4/2022 16:00,63.2
1.csv,5/4/2022 17:00,64
1.csv,5/4/2022 18:00,65
1.csv,5/4/2022 19:00,64.9
1.csv,5/4/2022 20:00,64.9
1.csv,5/4/2022 21:00,64.8
1.csv,5/4/2022 22:00,63.8
1.csv,5/4/2022 23:00,62.5
1.csv,5/5/2022 0:00,61.2
1.csv,5/5/2022 1:00,58.7
1.csv,5/5/2022 2:00,55.4
1.csv,5/5/2022 3:00,51.6
1.csv,5/5/2022 4:00,54.4
1.csv,5/5/2022 5:00,55.9
1.csv,5/5/2022 6:00,59.4
1.csv,5/5/2022 7:00,62.9
1.csv,5/5/2022 8:00,65.5
1.csv,5/5/2022 9:00,65.4
1.csv,5/5/2022 10:00,64.8
1.csv,5/5/2022 11:00,63.4
1.csv,5/5/2022 12:00,63.2
1.csv,5/5/2022 13:00,63.3
1.csv,5/5/2022 14:00,64
1.csv,5/5/2022 15:00,63.9
1.csv,5/5/2022 16:00,64.2
1.csv,5/5/2022 17:00,65.4
1.csv,5/5/2022 18:00,65.3
1.csv,5/5/2022 19:00,65.3
1.csv,5/5/2022 20:00,65.2
1.csv,5/5/2022 21:00,63.7
1.csv,5/5/2022 22:00,63.7
1.csv,5/5/2022 23:00,62.6
1.csv,5/6/2022 0:00,60.5
1.csv,5/6/2022 1:00,58
1.csv,5/6/2022 2:00,56.2
1.csv,5/6/2022 3:00,55
1.csv,5/6/2022 4:00,55.6
1.csv,5/6/2022 5:00,55.7
1.csv,5/6/2022 6:00,58.9
1.csv,5/6/2022 7:00,62.8
1.csv,5/6/2022 8:00,64.8
1.csv,5/6/2022 9:00,66
1.csv,5/6/2022 10:00,64.9
1.csv,5/6/2022 11:00,64.4
1.csv,5/6/2022 12:00,66.1
1.csv,5/6/2022 13:00,66.7
1.csv,5/6/2022 14:00,66.9
1.csv,5/6/2022 15:00,67.6
1.csv,5/6/2022 16:00,68.6
1.csv,5/6/2022 17:00,67.1
1.csv,5/6/2022 18:00,68.1
1.csv,5/6/2022 19:00,67
1.csv,5/6/2022 20:00,66.8
1.csv,5/6/2022 21:00,65.4
1.csv,5/6/2022 22:00,64.9
1.csv,5/6/2022 23:00,65.2
1.csv,5/7/2022 0:00,63
1.csv,5/7/2022 1:00,61.2
1.csv,5/7/2022 2:00,60.1
1.csv,5/7/2022 3:00,59.7
1.csv,5/7/2022 4:00,60
1.csv,5/7/2022 5:00,59.1
1.csv,5/7/2022 6:00,59.5
1.csv,5/7/2022 7:00,61.7
1.csv,5/7/2022 8:00,63
1.csv,5/7/2022 9:00,63.6
1.csv,5/7/2022 10:00,64.6
1.csv,5/7/2022 11:00,65
1.csv,5/7/2022 12:00,64.5
1.csv,5/7/2022 13:00,65.9
1.csv,5/7/2022 14:00,66.6
1.csv,5/7/2022 15:00,65.8
1.csv,5/7/2022 16:00,65.8
1.csv,5/7/2022 17:00,66.6
1.csv,5/7/2022 18:00,66
1.csv,5/7/2022 19:00,66.2
1.csv,5/7/2022 20:00,65.5
1.csv,5/7/2022 21:00,64.7
1.csv,5/7/2022 22:00,63.7
1.csv,5/7/2022 23:00,64.3
1.csv,5/8/2022 0:00,62.3
1.csv,5/8/2022 1:00,61
1.csv,5/8/2022 2:00,60.9
1.csv,5/8/2022 3:00,59.2
1.csv,5/8/2022 4:00,60.1
1.csv,5/8/2022 5:00,59
1.csv,5/8/2022 6:00,58.3
1.csv,5/8/2022 7:00,59.9
1.csv,5/8/2022 8:00,61.2
1.csv,5/8/2022 9:00,61.2
1.csv,5/8/2022 10:00,63.3
1.csv,5/8/2022 11:00,63.9
1.csv,5/8/2022 12:00,64.8
1.csv,5/8/2022 13:00,66
1.csv,5/8/2022 14:00,65.1
1.csv,5/8/2022 15:00,65.1
1.csv,5/8/2022 16:00,65
1.csv,5/8/2022 17:00,64.8
1.csv,5/8/2022 18:00,64.4
1.csv,5/8/2022 19:00,63.7
1.csv,5/8/2022 20:00,63.6
1.csv,5/8/2022 21:00,63.5
1.csv,5/8/2022 22:00,62.7
1.csv,5/8/2022 23:00,61.8
1.csv,5/9/2022 0:00,60.3
1.csv,5/9/2022 1:00,57.3
1.csv,5/9/2022 2:00,55.6
1.csv,5/9/2022 3:00,55.8
1.csv,5/9/2022 4:00,54.7
1.csv,5/9/2022 5:00,55.5
1.csv,5/9/2022 6:00,59.4
1.csv,5/9/2022 7:00,62.9
1.csv,5/9/2022 8:00,65.3
1.csv,5/9/2022 9:00,66
1.csv,5/9/2022 10:00,65.6
1.csv,5/9/2022 11:00,64.3
1.csv,5/9/2022 12:00,64.2
1.csv,5/9/2022 13:00,65.5
1.csv,5/9/2022 14:00,66
1.csv,5/9/2022 15:00,66.3
1.csv,5/9/2022 16:00,66.2
1.csv,5/9/2022 17:00,66.8
1.csv,5/9/2022 18:00,66.5
1.csv,5/9/2022 19:00,66.4
1.csv,5/9/2022 20:00,65.3
1.csv,5/9/2022 21:00,65.2
1.csv,5/9/2022 22:00,63.3
1.csv,5/9/2022 23:00,63.2
1.csv,5/10/2022 0:00,60.5
1.csv,5/10/2022 1:00,57
1.csv,5/10/2022 2:00,55.2
1.csv,5/10/2022 3:00,54
1.csv,5/10/2022 4:00,54.5
1.csv,5/10/2022 5:00,56.9
1.csv,5/10/2022 6:00,59.7
1.csv,5/10/2022 7:00,63.7
1.csv,5/10/2022 8:00,65.3
1.csv,5/10/2022 9:00,65.4
1.csv,5/10/2022 10:00,64.5
1.csv,5/10/2022 11:00,63.3
1.csv,5/10/2022 12:00,62.8
1.csv,5/10/2022 13:00,62.1
1.csv,5/10/2022 14:00,62.3
1.csv,5/10/2022 15:00,62.9
1.csv,5/10/2022 16:00,63.3
1.csv,5/10/2022 17:00,63.8
1.csv,5/10/2022 18:00,64.4
1.csv,5/10/2022 19:00,65.1
1.csv,5/10/2022 20:00,65.1
1.csv,5/10/2022 21:00,64.3
1.csv,5/10/2022 22:00,62.7
1.csv,5/10/2022 23:00,61.8
1.csv,5/11/2022 0:00,59
1.csv,5/11/2022 1:00,56.7
1.csv,5/11/2022 2:00,55.1
1.csv,5/11/2022 3:00,53.3
1.csv,5/11/2022 4:00,53.4
1.csv,5/11/2022 5:00,55.8
1.csv,5/11/2022 6:00,58.3
1.csv,5/11/2022 7:00,63.1
1.csv,5/11/2022 8:00,66.4
1.csv,5/11/2022 9:00,69.2
1.csv,5/11/2022 10:00,65.2
1.csv,5/11/2022 11:00,63.3
1.csv,5/11/2022 12:00,62.5
1.csv,5/11/2022 13:00,61.8
1.csv,5/11/2022 14:00,62.5
1.csv,5/11/2022 15:00,62.5
1.csv,5/11/2022 16:00,64.1
1.csv,5/11/2022 17:00,64.2
1.csv,5/11/2022 18:00,65.7
1.csv,5/11/2022 19:00,66.7
1.csv,5/11/2022 20:00,65.1
1.csv,5/11/2022 21:00,64.6
1.csv,5/11/2022 22:00,63.7
1.csv,5/11/2022 23:00,61.8
1.csv,5/12/2022 0:00,60.5
1.csv,5/12/2022 1:00,58.6
1.csv,5/12/2022 2:00,54.3
1.csv,5/12/2022 3:00,55.2
1.csv,5/12/2022 4:00,55.4
1.csv,5/12/2022 5:00,55.5
1.csv,5/12/2022 6:00,59.9
1.csv,5/12/2022 7:00,63.7
1.csv,5/12/2022 8:00,65.4
1.csv,5/12/2022 9:00,64.8
1.csv,5/12/2022 10:00,64.5
1.csv,5/12/2022 11:00,63.2
1.csv,5/12/2022 12:00,63.2
1.csv,5/12/2022 13:00,63.5
1.csv,5/12/2022 14:00,63.3
1.csv,5/12/2022 15:00,64.5
1.csv,5/12/2022 16:00,64.3
1.csv,5/12/2022 17:00,66.4
1.csv,5/12/2022 18:00,66.5
1.csv,5/12/2022 19:00,66
1.csv,5/12/2022 20:00,64.9
1.csv,5/12/2022 21:00,65.1
1.csv,5/12/2022 22:00,64.5
1.csv,5/12/2022 23:00,62.5
1.csv,5/13/2022 0:00,60.9
1.csv,5/13/2022 1:00,58.5
1.csv,5/13/2022 2:00,55.7
1.csv,5/13/2022 3:00,54
1.csv,5/13/2022 4:00,56.7
1.csv,5/13/2022 5:00,58.1
1.csv,5/13/2022 6:00,59.1
1.csv,5/13/2022 7:00,62.7
1.csv,5/13/2022 8:00,65.2
1.csv,5/13/2022 9:00,65.4
1.csv,5/13/2022 10:00,64.5
1.csv,5/13/2022 11:00,63.5
1.csv,5/13/2022 12:00,63.9
1.csv,5/13/2022 13:00,63.5
1.csv,5/13/2022 14:00,63.2
1.csv,5/13/2022 15:00,63.1
1.csv,5/13/2022 16:00,63.8
1.csv,5/13/2022 17:00,63.5
1.csv,5/13/2022 18:00,64.2
1.csv,5/13/2022 19:00,64.1
1.csv,5/13/2022 20:00,63.7
1.csv,5/13/2022 21:00,63.4
1.csv,5/13/2022 22:00,63.1
1.csv,5/13/2022 23:00,61.4
1.csv,5/14/2022 0:00,62.1
1.csv,5/14/2022 1:00,58.9
1.csv,5/14/2022 2:00,58.7
1.csv,5/14/2022 3:00,57.1
1.csv,5/14/2022 4:00,56.6
1.csv,5/14/2022 5:00,58.8
1.csv,5/14/2022 6:00,57.8
1.csv,5/14/2022 7:00,60.3
1.csv,5/14/2022 8:00,61.2
1.csv,5/14/2022 9:00,62.5
1.csv,5/14/2022 10:00,63
1.csv,5/14/2022 11:00,63.3
1.csv,5/14/2022 12:00,64.5
1.csv,5/14/2022 13:00,65.5
1.csv,5/14/2022 14:00,66.3
1.csv,5/14/2022 15:00,65.9
1.csv,5/14/2022 16:00,65.8
1.csv,5/14/2022 17:00,65.5
1.csv,5/14/2022 18:00,65.5
1.csv,5/14/2022 19:00,65
1.csv,5/14/2022 20:00,64.6
1.csv,5/14/2022 21:00,65.5
1.csv,5/14/2022 22:00,65.1
1.csv,5/14/2022 23:00,63.1
1.csv,5/15/2022 0:00,62.2
1.csv,5/15/2022 1:00,61.2
1.csv,5/15/2022 2:00,60.3
1.csv,5/15/2022 3:00,59.2
1.csv,5/15/2022 4:00,58.5
1.csv,5/15/2022 5:00,58.8
1.csv,5/15/2022 6:00,57.9
1.csv,5/15/2022 7:00,60
1.csv,5/15/2022 8:00,61.8
1.csv,5/15/2022 9:00,62.9
1.csv,5/15/2022 10:00,63.2
1.csv,5/15/2022 11:00,64.2
1.csv,5/15/2022 12:00,64.1
1.csv,5/15/2022 13:00,65
1.csv,5/15/2022 14:00,66
1.csv,5/15/2022 15:00,65.4
1.csv,5/15/2022 16:00,65.2
1.csv,5/15/2022 17:00,65.1
1.csv,5/15/2022 18:00,66
1.csv,5/15/2022 19:00,66
1.csv,5/15/2022 20:00,64.9
1.csv,5/15/2022 21:00,64.5
1.csv,5/15/2022 22:00,64
1.csv,5/15/2022 23:00,61.7
1.csv,5/16/2022 0:00,60.9
1.csv,5/16/2022 1:00,59.8
1.csv,5/16/2022 2:00,58.7
1.csv,5/16/2022 3:00,58.6
1.csv,5/16/2022 4:00,57.4
1.csv,5/16/2022 5:00,57.6
1.csv,5/16/2022 6:00,61.2
1.csv,5/16/2022 7:00,65.2
1.csv,5/16/2022 8:00,67.7
1.csv,5/16/2022 9:00,67.5
1.csv,5/16/2022 10:00,67
1.csv,5/16/2022 11:00,66.1
1.csv,5/16/2022 12:00,65.3
1.csv,5/16/2022 13:00,65.1
1.csv,5/16/2022 14:00,68.2
1.csv,5/16/2022 15:00,65.7
1.csv,5/16/2022 16:00,65.5
1.csv,5/16/2022 17:00,66
1.csv,5/16/2022 18:00,64.3
1.csv,5/16/2022 19:00,64.7
1.csv,5/16/2022 20:00,64.4
1.csv,5/16/2022 21:00,63.9
1.csv,5/16/2022 22:00,62.7
1.csv,5/16/2022 23:00,60.9
1.csv,5/17/2022 0:00,60.8
1.csv,5/17/2022 1:00,58.1
1.csv,5/17/2022 2:00,55.9
1.csv,5/17/2022 3:00,54.5
1.csv,5/17/2022 4:00,55.3
1.csv,5/17/2022 5:00,56.3
1.csv,5/17/2022 6:00,59.7
1.csv,5/17/2022 7:00,63.5
1.csv,5/17/2022 8:00,66.4
1.csv,5/17/2022 9:00,66.1
1.csv,5/17/2022 10:00,65.9
1.csv,5/17/2022 11:00,65.3
1.csv,5/17/2022 12:00,64.9
1.csv,5/17/2022 13:00,66.1
1.csv,5/17/2022 14:00,67.4
1.csv,5/17/2022 15:00,67.8
1.csv,5/17/2022 16:00,67.9
1.csv,5/17/2022 17:00,68.8
1.csv,5/17/2022 18:00,68.9
1.csv,5/17/2022 19:00,67.7
1.csv,5/17/2022 20:00,66.7
1.csv,5/17/2022 21:00,65.9
1.csv,5/17/2022 22:00,64.5
1.csv,5/17/2022 23:00,63.5
1.csv,5/18/2022 0:00,62.1
1.csv,5/18/2022 1:00,59.6
1.csv,5/18/2022 2:00,57.1
1.csv,5/18/2022 3:00,55.4
1.csv,5/18/2022 4:00,56.6
1.csv,5/18/2022 5:00,57.7
1.csv,5/18/2022 6:00,60.8
1.csv,5/18/2022 7:00,64.4
1.csv,5/18/2022 8:00,65.7
1.csv,5/18/2022 9:00,65.5
1.csv,5/18/2022 10:00,65.6
1.csv,5/18/2022 11:00,64.2
1.csv,5/18/2022 12:00,64.5
1.csv,5/18/2022 13:00,65.3
1.csv,5/18/2022 14:00,66.2
1.csv,5/18/2022 15:00,66.4
1.csv,5/18/2022 16:00,66.9
1.csv,5/18/2022 17:00,67.3
1.csv,5/18/2022 18:00,67
1.csv,5/18/2022 19:00,66.9
1.csv,5/18/2022 20:00,67.6
1.csv,5/18/2022 21:00,66.2
1.csv,5/18/2022 22:00,64.4
1.csv,5/18/2022 23:00,62.7
1.csv,5/19/2022 0:00,61.5
1.csv,5/19/2022 1:00,58.5
1.csv,5/19/2022 2:00,55.5
1.csv,5/19/2022 3:00,54.6
1.csv,5/19/2022 4:00,55.6
1.csv,5/19/2022 5:00,57.2
1.csv,5/19/2022 6:00,60.5
1.csv,5/19/2022 7:00,63.5
1.csv,5/19/2022 8:00,65.7
1.csv,5/19/2022 9:00,64.8
1.csv,5/19/2022 10:00,64.4
1.csv,5/19/2022 11:00,62.7
1.csv,5/19/2022 12:00,64.8
1.csv,5/19/2022 13:00,63.5
1.csv,5/19/2022 14:00,63
1.csv,5/19/2022 15:00,63.8
1.csv,5/19/2022 16:00,63.9
1.csv,5/19/2022 17:00,64.5
1.csv,5/19/2022 18:00,64.8
1.csv,5/19/2022 19:00,65
1.csv,5/19/2022 20:00,64.4
1.csv,5/19/2022 21:00,64.3
1.csv,5/19/2022 22:00,63.4
1.csv,5/19/2022 23:00,61.2
1.csv,5/20/2022 0:00,60.9
1.csv,5/20/2022 1:00,59.6
1.csv,5/20/2022 2:00,55.9
1.csv,5/20/2022 3:00,55.9
1.csv,5/20/2022 4:00,56.4
1.csv,5/20/2022 5:00,56.9
1.csv,5/20/2022 6:00,59.5
1.csv,5/20/2022 7:00,63.1
1.csv,5/20/2022 8:00,64.9
1.csv,5/20/2022 9:00,65.7
1.csv,5/20/2022 10:00,64.8
1.csv,5/20/2022 11:00,63.7
1.csv,5/20/2022 12:00,63.8
1.csv,5/20/2022 13:00,65.2
1.csv,5/20/2022 14:00,65.9
1.csv,5/20/2022 15:00,64
1.csv,5/20/2022 16:00,64.1
1.csv,5/20/2022 17:00,64.4
1.csv,5/20/2022 18:00,65.4
1.csv,5/20/2022 19:00,64.6
1.csv,5/20/2022 20:00,64.2
1.csv,5/20/2022 21:00,63.4
1.csv,5/20/2022 22:00,62.8
1.csv,5/20/2022 23:00,62.6
1.csv,5/21/2022 0:00,61.1
1.csv,5/21/2022 1:00,60.2
1.csv,5/21/2022 2:00,58.5
1.csv,5/21/2022 3:00,57.3
1.csv,5/21/2022 4:00,58.2
1.csv,5/21/2022 5:00,57.6
1.csv,5/21/2022 6:00,57.9
1.csv,5/21/2022 7:00,59.5
1.csv,5/21/2022 8:00,61.3
1.csv,5/21/2022 9:00,63.7
1.csv,5/21/2022 10:00,64.3
1.csv,5/21/2022 11:00,65
1.csv,5/21/2022 12:00,64.1
1.csv,5/21/2022 13:00,64.5
1.csv,5/21/2022 14:00,64.6
1.csv,5/21/2022 15:00,63.5
1.csv,5/21/2022 16:00,63.8
1.csv,5/21/2022 17:00,63.7
1.csv,5/21/2022 18:00,64.7
1.csv,5/21/2022 19:00,64
1.csv,5/21/2022 20:00,64
1.csv,5/21/2022 21:00,63.8
1.csv,5/21/2022 22:00,65.2
1.csv,5/21/2022 23:00,61.3
1.csv,5/22/2022 0:00,60.8
1.csv,5/22/2022 1:00,59.2
1.csv,5/22/2022 2:00,59.3
1.csv,5/22/2022 3:00,58.1
1.csv,5/22/2022 4:00,58.4
1.csv,5/22/2022 5:00,57.7
1.csv,5/22/2022 6:00,57
1.csv,5/22/2022 7:00,59.8
1.csv,5/22/2022 8:00,60.1
1.csv,5/22/2022 9:00,60.1
1.csv,5/22/2022 10:00,63.3
1.csv,5/22/2022 11:00,63.3
1.csv,5/22/2022 12:00,63.8
1.csv,5/22/2022 13:00,64.6
1.csv,5/22/2022 14:00,64.3
1.csv,5/22/2022 15:00,64
1.csv,5/22/2022 16:00,63.6
1.csv,5/22/2022 17:00,63.6
1.csv,5/22/2022 18:00,63.7
1.csv,5/22/2022 19:00,64.4
1.csv,5/22/2022 20:00,64.3
1.csv,5/22/2022 21:00,63.5
1.csv,5/22/2022 22:00,62.6
1.csv,5/22/2022 23:00,61.4
1.csv,5/23/2022 0:00,60.3
1.csv,5/23/2022 1:00,57.8
1.csv,5/23/2022 2:00,55.4
1.csv,5/23/2022 3:00,55.2
1.csv,5/23/2022 4:00,53.4
1.csv,5/23/2022 5:00,55.6
1.csv,5/23/2022 6:00,60.5
1.csv,5/23/2022 7:00,63.3
1.csv,5/23/2022 8:00,65
1.csv,5/23/2022 9:00,65.2
1.csv,5/23/2022 10:00,64.4
1.csv,5/23/2022 11:00,62.7
1.csv,5/23/2022 12:00,62.5
1.csv,5/23/2022 13:00,62.5
1.csv,5/23/2022 14:00,64.3
1.csv,5/23/2022 15:00,64.2
1.csv,5/23/2022 16:00,63.2
1.csv,5/23/2022 17:00,65.3
1.csv,5/23/2022 18:00,65.2
1.csv,5/23/2022 19:00,65.8
1.csv,5/23/2022 20:00,64.6
1.csv,5/23/2022 21:00,63.6
1.csv,5/23/2022 22:00,62.9
1.csv,5/23/2022 23:00,62.5
1.csv,5/24/2022 0:00,59.1
1.csv,5/24/2022 1:00,56.9
1.csv,5/24/2022 2:00,55.2
1.csv,5/24/2022 3:00,52.1
1.csv,5/24/2022 4:00,54.9
1.csv,5/24/2022 5:00,55.8
1.csv,5/24/2022 6:00,59.1
1.csv,5/24/2022 7:00,62.7
1.csv,5/24/2022 8:00,70.4
1.csv,5/24/2022 9:00,65
1.csv,5/24/2022 10:00,63.5
1.csv,5/24/2022 11:00,62.3
1.csv,5/24/2022 12:00,62.6
1.csv,5/24/2022 13:00,62.2
1.csv,5/24/2022 14:00,62.7
1.csv,5/24/2022 15:00,63.7
1.csv,5/24/2022 16:00,62.4
1.csv,5/24/2022 17:00,63.4
1.csv,5/24/2022 18:00,63.7
1.csv,5/24/2022 19:00,63.9
1.csv,5/24/2022 20:00,63.8
1.csv,5/24/2022 21:00,63.6
1.csv,5/24/2022 22:00,62.2
1.csv,5/24/2022 23:00,61.1
1.csv,5/25/2022 0:00,60.7
1.csv,5/25/2022 1:00,57.4
1.csv,5/25/2022 2:00,55.3
1.csv,5/25/2022 3:00,54.3
1.csv,5/25/2022 4:00,56.6
1.csv,5/25/2022 5:00,56.4
1.csv,5/25/2022 6:00,59.5
1.csv,5/25/2022 7:00,63.5
1.csv,5/25/2022 8:00,65.2
1.csv,5/25/2022 9:00,65
1.csv,5/25/2022 10:00,64.4
1.csv,5/25/2022 11:00,63.1
1.csv,5/25/2022 12:00,64.6
1.csv,5/25/2022 13:00,62.7
1.csv,5/25/2022 14:00,63.7
1.csv,5/25/2022 15:00,63
1.csv,5/25/2022 16:00,63.8
1.csv,5/25/2022 17:00,64.9
1.csv,5/25/2022 18:00,63.9
1.csv,5/25/2022 19:00,64.9
1.csv,5/25/2022 20:00,63.7
1.csv,5/25/2022 21:00,63.9
1.csv,5/25/2022 22:00,62.9
1.csv,5/25/2022 23:00,62
1.csv,5/26/2022 0:00,60.5
1.csv,5/26/2022 1:00,57.5
1.csv,5/26/2022 2:00,56.3
1.csv,5/26/2022 3:00,54.5
1.csv,5/26/2022 4:00,56.6
1.csv,5/26/2022 5:00,56.8
1.csv,5/26/2022 6:00,59
1.csv,5/26/2022 7:00,63
1.csv,5/26/2022 8:00,66.4
1.csv,5/26/2022 9:00,65.9
1.csv,5/26/2022 10:00,65.4
1.csv,5/26/2022 11:00,63.9
1.csv,5/26/2022 12:00,63.3
1.csv,5/26/2022 13:00,63.2
1.csv,5/26/2022 14:00,62.6
1.csv,5/26/2022 15:00,63
1.csv,5/26/2022 16:00,63
1.csv,5/26/2022 17:00,63.4
1.csv,5/26/2022 18:00,63.5
1.csv,5/26/2022 19:00,63.5
1.csv,5/26/2022 20:00,63.8
1.csv,5/26/2022 21:00,63.5
1.csv,5/26/2022 22:00,63.4
1.csv,5/26/2022 23:00,61.6
1.csv,5/27/2022 0:00,59.9
1.csv,5/27/2022 1:00,57.8
1.csv,5/27/2022 2:00,56.4
1.csv,5/27/2022 3:00,55.9
1.csv,5/27/2022 4:00,56.2
1.csv,5/27/2022 5:00,56.3
1.csv,5/27/2022 6:00,58.9
1.csv,5/27/2022 7:00,63
1.csv,5/27/2022 8:00,64
1.csv,5/27/2022 9:00,64.1
1.csv,5/27/2022 10:00,63.1
1.csv,5/27/2022 11:00,62.2
1.csv,5/27/2022 12:00,61.9
1.csv,5/27/2022 13:00,63
1.csv,5/27/2022 14:00,62.8
1.csv,5/27/2022 15:00,62.8
1.csv,5/27/2022 16:00,63.6
1.csv,5/27/2022 17:00,64
1.csv,5/27/2022 18:00,64
1.csv,5/27/2022 19:00,64.2
1.csv,5/27/2022 20:00,63.7
1.csv,5/27/2022 21:00,63.6
1.csv,5/27/2022 22:00,63.8
1.csv,5/27/2022 23:00,62.4
1.csv,5/28/2022 0:00,61.4
1.csv,5/28/2022 1:00,60.3
1.csv,5/28/2022 2:00,59.2
1.csv,5/28/2022 3:00,57.9
1.csv,5/28/2022 4:00,57.3
1.csv,5/28/2022 5:00,58.3
1.csv,5/28/2022 6:00,59
1.csv,5/28/2022 7:00,60.9
1.csv,5/28/2022 8:00,61.7
1.csv,5/28/2022 9:00,61.8
1.csv,5/28/2022 10:00,64.1
1.csv,5/28/2022 11:00,66.8
1.csv,5/28/2022 12:00,64.4
1.csv,5/28/2022 13:00,64
1.csv,5/28/2022 14:00,64
1.csv,5/28/2022 15:00,63.6
1.csv,5/28/2022 16:00,64
1.csv,5/28/2022 17:00,63.7
1.csv,5/28/2022 18:00,63.1
1.csv,5/28/2022 19:00,64.7
1.csv,5/28/2022 20:00,66.2
1.csv,5/28/2022 21:00,63.8
1.csv,5/28/2022 22:00,62.9
1.csv,5/28/2022 23:00,61.8
1.csv,5/29/2022 0:00,61.9
1.csv,5/29/2022 1:00,60.5
1.csv,5/29/2022 2:00,60.4
1.csv,5/29/2022 3:00,59.1
1.csv,5/29/2022 4:00,59.5
1.csv,5/29/2022 5:00,58.6
1.csv,5/29/2022 6:00,58.9
1.csv,5/29/2022 7:00,59.7
1.csv,5/29/2022 8:00,60.1
1.csv,5/29/2022 9:00,60
1.csv,5/29/2022 10:00,63
1.csv,5/29/2022 11:00,64.2
1.csv,5/29/2022 12:00,65.3
1.csv,5/29/2022 13:00,66.4
1.csv,5/29/2022 14:00,66.9
1.csv,5/29/2022 15:00,66.2
1.csv,5/29/2022 16:00,65.7
1.csv,5/29/2022 17:00,65
1.csv,5/29/2022 18:00,65.7
1.csv,5/29/2022 19:00,64.5
1.csv,5/29/2022 20:00,64.5
1.csv,5/29/2022 21:00,63.6
1.csv,5/29/2022 22:00,62.8
1.csv,5/29/2022 23:00,61.6
1.csv,5/30/2022 0:00,59.9
1.csv,5/30/2022 1:00,58.9
1.csv,5/30/2022 2:00,55.7
1.csv,5/30/2022 3:00,54.7
1.csv,5/30/2022 4:00,56
1.csv,5/30/2022 5:00,56.1
1.csv,5/30/2022 6:00,59.2
1.csv,5/30/2022 7:00,62.9
1.csv,5/30/2022 8:00,65.3
1.csv,5/30/2022 9:00,65.4
1.csv,5/30/2022 10:00,64.4
1.csv,5/30/2022 11:00,62.7
1.csv,5/30/2022 12:00,64.1
1.csv,5/30/2022 13:00,62.9
1.csv,5/30/2022 14:00,63
1.csv,5/30/2022 15:00,63.7
1.csv,5/30/2022 16:00,65.6
1.csv,5/30/2022 17:00,66.6
1.csv,5/30/2022 18:00,66.4
1.csv,5/30/2022 19:00,66.2
1.csv,5/30/2022 20:00,66.7
1.csv,5/30/2022 21:00,65.1
1.csv,5/30/2022 22:00,64.4
1.csv,5/30/2022 23:00,62
1.csv,5/31/2022 0:00,60.7
1.csv,5/31/2022 1:00,59
1.csv,5/31/2022 2:00,57
1.csv,5/31/2022 3:00,55
1.csv,5/31/2022 4:00,55.6
1.csv,5/31/2022 5:00,57
1.csv,5/31/2022 6:00,61.2
1.csv,5/31/2022 7:00,64.1
1.csv,5/31/2022 8:00,66.1
1.csv,5/31/2022 9:00,65
1.csv,5/31/2022 10:00,64.7
1.csv,5/31/2022 11:00,63.2
1.csv,5/31/2022 12:00,63.6
1.csv,5/31/2022 13:00,63
1.csv,5/31/2022 14:00,63
1.csv,5/31/2022 15:00,63
1.csv,5/31/2022 16:00,63.9
1.csv,5/31/2022 17:00,65.1
1.csv,5/31/2022 18:00,68.5
1.csv,5/31/2022 19:00,66.6
1.csv,5/31/2022 20:00,65.7
1.csv,5/31/2022 21:00,64.9
1.csv,5/31/2022 22:00,64.2
1.csv,5/31/2022 23:00,61.9
2.csv,6/1/2022 1:00,58.3
2.csv,6/1/2022 2:00,57.3
2.csv,6/1/2022 3:00,56.4
2.csv,6/1/2022 4:00,56.3
2.csv,6/1/2022 5:00,57.6
2.csv,6/1/2022 6:00,60.6
2.csv,6/1/2022 7:00,64.4
2.csv,6/1/2022 8:00,66.3
2.csv,6/1/2022 9:00,65.8
2.csv,6/1/2022 10:00,64.8
2.csv,6/1/2022 11:00,64.2
2.csv,6/1/2022 12:00,63.4
2.csv,6/1/2022 13:00,63.8
2.csv,6/1/2022 14:00,64.5
2.csv,6/1/2022 15:00,64.9
2.csv,6/1/2022 16:00,65.3
2.csv,6/1/2022 17:00,65.2
2.csv,6/1/2022 18:00,65.3
2.csv,6/1/2022 19:00,65.5
2.csv,6/1/2022 20:00,64.9
2.csv,6/1/2022 21:00,64.3
2.csv,6/1/2022 22:00,62.9
2.csv,6/1/2022 23:00,61.7
2.csv,6/2/2022 0:00,60.4
2.csv,6/2/2022 1:00,58.3
2.csv,6/2/2022 2:00,56.3
2.csv,6/2/2022 3:00,54.6
2.csv,6/2/2022 4:00,54.7
2.csv,6/2/2022 5:00,55.6
2.csv,6/2/2022 6:00,59.2
2.csv,6/2/2022 7:00,63
2.csv,6/2/2022 8:00,64.5
2.csv,6/2/2022 9:00,64.5
2.csv,6/2/2022 10:00,64.4
2.csv,6/2/2022 11:00,63.9
2.csv,6/2/2022 12:00,64.4
2.csv,6/2/2022 13:00,65.3
2.csv,6/2/2022 14:00,65.8
2.csv,6/2/2022 15:00,65.6
2.csv,6/2/2022 16:00,65.8
2.csv,6/2/2022 17:00,66.1
2.csv,6/2/2022 18:00,65.5
2.csv,6/2/2022 19:00,65.2
2.csv,6/2/2022 20:00,66.8
2.csv,6/2/2022 21:00,67.4
2.csv,6/2/2022 22:00,67.1
2.csv,6/2/2022 23:00,65.3
2.csv,6/3/2022 0:00,63.2
2.csv,6/3/2022 1:00,60.3
2.csv,6/3/2022 2:00,58.4
2.csv,6/3/2022 3:00,57.5
2.csv,6/3/2022 4:00,56.5
2.csv,6/3/2022 5:00,58.8
2.csv,6/3/2022 6:00,60.4
2.csv,6/3/2022 7:00,64.7
2.csv,6/3/2022 8:00,66.7
2.csv,6/3/2022 9:00,67.1
2.csv,6/3/2022 10:00,66.7
2.csv,6/3/2022 11:00,66.3
2.csv,6/3/2022 12:00,66.3
2.csv,6/3/2022 13:00,66.1
2.csv,6/3/2022 14:00,66.3
2.csv,6/3/2022 15:00,66.8
2.csv,6/3/2022 16:00,66.4
2.csv,6/3/2022 17:00,66.4
2.csv,6/3/2022 18:00,66.8
2.csv,6/3/2022 19:00,66.6
2.csv,6/3/2022 20:00,65.8
2.csv,6/3/2022 21:00,65.7
2.csv,6/3/2022 22:00,64.7
2.csv,6/3/2022 23:00,63.2
2.csv,6/4/2022 0:00,62.3
2.csv,6/4/2022 1:00,59.7
2.csv,6/4/2022 2:00,59.7
2.csv,6/4/2022 3:00,58.6
2.csv,6/4/2022 4:00,58.4
2.csv,6/4/2022 5:00,58.2
2.csv,6/4/2022 6:00,57.9
2.csv,6/4/2022 7:00,60.8
2.csv,6/4/2022 8:00,62.3
2.csv,6/4/2022 9:00,64
2.csv,6/4/2022 10:00,66.1
2.csv,6/4/2022 11:00,66.3
2.csv,6/4/2022 12:00,66.1
2.csv,6/4/2022 13:00,66.5
2.csv,6/4/2022 14:00,65.9
2.csv,6/4/2022 15:00,66.2
2.csv,6/4/2022 16:00,66
2.csv,6/4/2022 17:00,66.5
2.csv,6/4/2022 18:00,67
2.csv,6/4/2022 19:00,67
2.csv,6/4/2022 20:00,65.2
2.csv,6/4/2022 21:00,64.9
2.csv,6/4/2022 22:00,66.4
2.csv,6/4/2022 23:00,64.1
2.csv,6/5/2022 0:00,62.3
2.csv,6/5/2022 1:00,60.7
2.csv,6/5/2022 2:00,60.1
2.csv,6/5/2022 3:00,59.2
2.csv,6/5/2022 4:00,59.4
2.csv,6/5/2022 5:00,58.3
2.csv,6/5/2022 6:00,57.8
2.csv,6/5/2022 7:00,60.7
2.csv,6/5/2022 8:00,61.5
2.csv,6/5/2022 9:00,62.5
2.csv,6/5/2022 10:00,64.5
2.csv,6/5/2022 11:00,67.4
2.csv,6/5/2022 12:00,66.7
2.csv,6/5/2022 13:00,67.4
2.csv,6/5/2022 14:00,67.5
2.csv,6/5/2022 15:00,67.5
2.csv,6/5/2022 16:00,68.4
2.csv,6/5/2022 17:00,67.6
2.csv,6/5/2022 18:00,67.7
2.csv,6/5/2022 19:00,67.6
2.csv,6/5/2022 20:00,67.6
2.csv,6/5/2022 21:00,65.8
2.csv,6/5/2022 22:00,64.3
2.csv,6/5/2022 23:00,64.2
2.csv,6/6/2022 0:00,63.1
2.csv,6/6/2022 1:00,61.2
2.csv,6/6/2022 2:00,59.3
2.csv,6/6/2022 3:00,58.1
2.csv,6/6/2022 4:00,58.7
2.csv,6/6/2022 5:00,58.6
2.csv,6/6/2022 6:00,58.6
2.csv,6/6/2022 7:00,60
2.csv,6/6/2022 8:00,61.4
2.csv,6/6/2022 9:00,62.1
2.csv,6/6/2022 10:00,63.2
2.csv,6/6/2022 11:00,64
2.csv,6/6/2022 12:00,64.4
2.csv,6/6/2022 13:00,64.7
2.csv,6/6/2022 14:00,64.8
2.csv,6/6/2022 15:00,64.6
2.csv,6/6/2022 16:00,64.8
2.csv,6/6/2022 17:00,64.4
2.csv,6/6/2022 18:00,65.4
2.csv,6/6/2022 19:00,64.6
2.csv,6/6/2022 20:00,64.9
2.csv,6/6/2022 21:00,64
2.csv,6/6/2022 22:00,63.1
2.csv,6/6/2022 23:00,62.3
2.csv,6/7/2022 0:00,60.3
2.csv,6/7/2022 1:00,58.2
2.csv,6/7/2022 2:00,56.4
2.csv,6/7/2022 3:00,54.4
2.csv,6/7/2022 4:00,54.5
2.csv,6/7/2022 5:00,56.7
2.csv,6/7/2022 6:00,60.1
2.csv,6/7/2022 7:00,62.8
2.csv,6/7/2022 8:00,65.2
2.csv,6/7/2022 9:00,64.5
2.csv,6/7/2022 10:00,64.7
2.csv,6/7/2022 11:00,63.9
2.csv,6/7/2022 12:00,63.8
2.csv,6/7/2022 13:00,65.2
2.csv,6/7/2022 14:00,64.9
2.csv,6/7/2022 15:00,65.3
2.csv,6/7/2022 16:00,65.5
2.csv,6/7/2022 17:00,66.6
2.csv,6/7/2022 18:00,66.4
2.csv,6/7/2022 19:00,66.3
2.csv,6/7/2022 20:00,65.7
2.csv,6/7/2022 21:00,65.6
2.csv,6/7/2022 22:00,64.5
2.csv,6/7/2022 23:00,62.5
2.csv,6/8/2022 0:00,60.9
2.csv,6/8/2022 1:00,59.6
2.csv,6/8/2022 2:00,55.6
2.csv,6/8/2022 3:00,54.7
2.csv,6/8/2022 4:00,54.2
2.csv,6/8/2022 5:00,56.6
2.csv,6/8/2022 6:00,59.7
2.csv,6/8/2022 7:00,63.8
2.csv,6/8/2022 8:00,70.6
2.csv,6/8/2022 9:00,63.6
2.csv,6/8/2022 10:00,64.2
2.csv,6/8/2022 11:00,62.7
2.csv,6/8/2022 12:00,62.7
2.csv,6/8/2022 13:00,62.8
2.csv,6/8/2022 14:00,63.1
2.csv,6/8/2022 15:00,64.5
2.csv,6/8/2022 16:00,64.6
2.csv,6/8/2022 17:00,64.4
2.csv,6/8/2022 18:00,64
2.csv,6/8/2022 19:00,64.5
2.csv,6/8/2022 20:00,63.7
2.csv,6/8/2022 21:00,62.8
2.csv,6/8/2022 22:00,62.1
2.csv,6/8/2022 23:00,61
2.csv,6/9/2022 0:00,60
2.csv,6/9/2022 1:00,58.3
2.csv,6/9/2022 2:00,55.2
2.csv,6/9/2022 3:00,54.4
2.csv,6/9/2022 4:00,55.8
2.csv,6/9/2022 5:00,55.1
2.csv,6/9/2022 6:00,58.6
2.csv,6/9/2022 7:00,63
2.csv,6/9/2022 8:00,66.6
2.csv,6/9/2022 9:00,67.5
2.csv,6/9/2022 10:00,67.8
2.csv,6/9/2022 11:00,67.1
2.csv,6/9/2022 12:00,67.6
2.csv,6/9/2022 13:00,66.3
2.csv,6/9/2022 14:00,66.5
2.csv,6/9/2022 15:00,64.8
2.csv,6/9/2022 16:00,65.1
2.csv,6/9/2022 17:00,63.7
2.csv,6/9/2022 18:00,63.9
2.csv,6/9/2022 19:00,64.1
2.csv,6/9/2022 20:00,63.4
2.csv,6/9/2022 21:00,63.2
2.csv,6/9/2022 22:00,62.2
2.csv,6/9/2022 23:00,61.5
2.csv,6/10/2022 0:00,60.2
2.csv,6/10/2022 1:00,57.6
2.csv,6/10/2022 2:00,55.7
2.csv,6/10/2022 3:00,54.6
2.csv,6/10/2022 4:00,55.5
2.csv,6/10/2022 5:00,57.2
2.csv,6/10/2022 6:00,59.2
2.csv,6/10/2022 7:00,62.6
2.csv,6/10/2022 8:00,64
2.csv,6/10/2022 9:00,64.9
2.csv,6/10/2022 10:00,64.1
2.csv,6/10/2022 11:00,63.4
2.csv,6/10/2022 12:00,63.2
2.csv,6/10/2022 13:00,64.7
2.csv,6/10/2022 14:00,65.6
2.csv,6/10/2022 15:00,66.5
2.csv,6/10/2022 16:00,67.8
2.csv,6/10/2022 17:00,67.2
2.csv,6/10/2022 18:00,66.6
2.csv,6/10/2022 19:00,65.9
2.csv,6/10/2022 20:00,65.8
2.csv,6/10/2022 21:00,64.6
2.csv,6/10/2022 22:00,63.7
2.csv,6/10/2022 23:00,63.5
2.csv,6/11/2022 0:00,61.6
2.csv,6/11/2022 1:00,59.8
2.csv,6/11/2022 2:00,58.6
2.csv,6/11/2022 3:00,57.3
2.csv,6/11/2022 4:00,57.9
2.csv,6/11/2022 5:00,57.3
2.csv,6/11/2022 6:00,57.7
2.csv,6/11/2022 7:00,59.9
2.csv,6/11/2022 8:00,61.2
2.csv,6/11/2022 9:00,62.6
2.csv,6/11/2022 10:00,63.7
2.csv,6/11/2022 11:00,63.2
2.csv,6/11/2022 12:00,65.3
2.csv,6/11/2022 13:00,64
2.csv,6/11/2022 14:00,63.7
2.csv,6/11/2022 15:00,63.3
2.csv,6/11/2022 16:00,63.6
2.csv,6/11/2022 17:00,63.7
2.csv,6/11/2022 18:00,63.4
2.csv,6/11/2022 19:00,62.8
2.csv,6/11/2022 20:00,62.8
2.csv,6/11/2022 21:00,63.1
2.csv,6/11/2022 22:00,62.5
2.csv,6/11/2022 23:00,61.2
2.csv,6/12/2022 0:00,61.1
2.csv,6/12/2022 1:00,59.8
2.csv,6/12/2022 2:00,58.7
2.csv,6/12/2022 3:00,58.5
2.csv,6/12/2022 4:00,58.2
2.csv,6/12/2022 5:00,58.7
2.csv,6/12/2022 6:00,57.6
2.csv,6/12/2022 7:00,57.5
2.csv,6/12/2022 8:00,59.2
2.csv,6/12/2022 9:00,59.3
2.csv,6/12/2022 10:00,61.7
2.csv,6/12/2022 11:00,62
2.csv,6/12/2022 12:00,62.9
2.csv,6/12/2022 13:00,62.7
2.csv,6/12/2022 14:00,63.1
2.csv,6/12/2022 15:00,63
2.csv,6/12/2022 16:00,63.3
2.csv,6/12/2022 17:00,63.2
2.csv,6/12/2022 18:00,63.2
2.csv,6/12/2022 19:00,63.2
2.csv,6/12/2022 20:00,63.8
2.csv,6/12/2022 21:00,63.3
2.csv,6/12/2022 22:00,62.8
2.csv,6/12/2022 23:00,60.2
2.csv,6/13/2022 0:00,59.9
2.csv,6/13/2022 1:00,58.6
2.csv,6/13/2022 2:00,55.8
2.csv,6/13/2022 3:00,53.9
2.csv,6/13/2022 4:00,54.6
2.csv,6/13/2022 5:00,56.4
2.csv,6/13/2022 6:00,58.7
2.csv,6/13/2022 7:00,62.1
2.csv,6/13/2022 8:00,64.4
2.csv,6/13/2022 9:00,64.3
2.csv,6/13/2022 10:00,64.1
2.csv,6/13/2022 11:00,62.8
2.csv,6/13/2022 12:00,64.8
2.csv,6/13/2022 13:00,63.2
2.csv,6/13/2022 14:00,63.8
2.csv,6/13/2022 15:00,63.2
2.csv,6/13/2022 16:00,64.3
2.csv,6/13/2022 17:00,64.5
2.csv,6/13/2022 18:00,64.2
2.csv,6/13/2022 19:00,64
2.csv,6/13/2022 20:00,64.3
2.csv,6/13/2022 21:00,63.6
2.csv,6/13/2022 22:00,62
2.csv,6/13/2022 23:00,60.3
2.csv,6/14/2022 0:00,58.3
2.csv,6/14/2022 1:00,56.6
2.csv,6/14/2022 2:00,53.7
2.csv,6/14/2022 3:00,52.6
2.csv,6/14/2022 4:00,52.7
2.csv,6/14/2022 5:00,55.2
2.csv,6/14/2022 6:00,59.2
2.csv,6/14/2022 7:00,62.6
2.csv,6/14/2022 8:00,64.5
2.csv,6/14/2022 9:00,64.3
2.csv,6/14/2022 10:00,64.2
2.csv,6/14/2022 11:00,62.9
2.csv,6/14/2022 12:00,62.5
2.csv,6/14/2022 13:00,62.8
2.csv,6/14/2022 14:00,65.4
2.csv,6/14/2022 15:00,65.1
2.csv,6/14/2022 16:00,65.7
2.csv,6/14/2022 17:00,69.3
2.csv,6/14/2022 18:00,66
2.csv,6/14/2022 19:00,65.9
2.csv,6/14/2022 20:00,65.6
2.csv,6/14/2022 21:00,64.1
2.csv,6/14/2022 22:00,63.3
2.csv,6/14/2022 23:00,61.6
2.csv,6/15/2022 0:00,60.3
2.csv,6/15/2022 1:00,57
2.csv,6/15/2022 2:00,55.1
2.csv,6/15/2022 3:00,52.4
2.csv,6/15/2022 4:00,54.5
2.csv,6/15/2022 5:00,62.9
2.csv,6/15/2022 6:00,59.1
2.csv,6/15/2022 7:00,63.1
2.csv,6/15/2022 8:00,63.4
2.csv,6/15/2022 9:00,64.4
2.csv,6/15/2022 10:00,64.3
2.csv,6/15/2022 11:00,62.8
2.csv,6/15/2022 12:00,62.7
2.csv,6/15/2022 13:00,63.8
2.csv,6/15/2022 14:00,64.3
2.csv,6/15/2022 15:00,64.6
2.csv,6/15/2022 16:00,64.7
2.csv,6/15/2022 17:00,65.2
2.csv,6/15/2022 18:00,65.8
2.csv,6/15/2022 19:00,65.4
2.csv,6/15/2022 20:00,65.1
2.csv,6/15/2022 21:00,63.9
2.csv,6/15/2022 22:00,64.7
2.csv,6/15/2022 23:00,61.1
2.csv,6/16/2022 0:00,60.4
2.csv,6/16/2022 1:00,57.9
2.csv,6/16/2022 2:00,55.1
2.csv,6/16/2022 3:00,53.5
2.csv,6/16/2022 4:00,55.5
2.csv,6/16/2022 5:00,56.9
2.csv,6/16/2022 6:00,58.6
2.csv,6/16/2022 7:00,62.8
2.csv,6/16/2022 8:00,64.4
2.csv,6/16/2022 9:00,65.1
2.csv,6/16/2022 10:00,64.6
2.csv,6/16/2022 11:00,63.7
2.csv,6/16/2022 12:00,63.8
2.csv,6/16/2022 13:00,64.2
2.csv,6/16/2022 14:00,64.8
2.csv,6/16/2022 15:00,65.1
2.csv,6/16/2022 16:00,65
2.csv,6/16/2022 17:00,65.3
2.csv,6/16/2022 18:00,64.6
2.csv,6/16/2022 19:00,63.9
2.csv,6/16/2022 20:00,64
2.csv,6/16/2022 21:00,63.1
2.csv,6/16/2022 22:00,62.9
2.csv,6/16/2022 23:00,61.2
2.csv,6/17/2022 0:00,60.2
2.csv,6/17/2022 1:00,57.6
2.csv,6/17/2022 2:00,56.7
2.csv,6/17/2022 3:00,55.3
2.csv,6/17/2022 4:00,56.3
2.csv,6/17/2022 5:00,55.2
2.csv,6/17/2022 6:00,57
2.csv,6/17/2022 7:00,60.9
2.csv,6/17/2022 8:00,63.3
2.csv,6/17/2022 9:00,65.2
2.csv,6/17/2022 10:00,63.7
2.csv,6/17/2022 11:00,63.3
2.csv,6/17/2022 12:00,64.2
2.csv,6/17/2022 13:00,63.6
2.csv,6/17/2022 14:00,63.9
2.csv,6/17/2022 15:00,63.6
2.csv,6/17/2022 16:00,64.3
2.csv,6/17/2022 17:00,64.6
2.csv,6/17/2022 18:00,64.8
2.csv,6/17/2022 19:00,64.5
2.csv,6/17/2022 20:00,64.3
2.csv,6/17/2022 21:00,64.5
2.csv,6/17/2022 22:00,62.8
2.csv,6/17/2022 23:00,61.6
2.csv,6/18/2022 0:00,60.1
2.csv,6/18/2022 1:00,59.4
2.csv,6/18/2022 2:00,58.4
2.csv,6/18/2022 3:00,57.1
2.csv,6/18/2022 4:00,57.3
2.csv,6/18/2022 5:00,56.3
2.csv,6/18/2022 6:00,56.8
2.csv,6/18/2022 7:00,59.2
2.csv,6/18/2022 8:00,60.5
2.csv,6/18/2022 9:00,61.3
2.csv,6/18/2022 10:00,62.3
2.csv,6/18/2022 11:00,62.2
2.csv,6/18/2022 12:00,63.7
2.csv,6/18/2022 13:00,62.9
2.csv,6/18/2022 14:00,63.4
2.csv,6/18/2022 15:00,63.5
2.csv,6/18/2022 16:00,63.3
2.csv,6/18/2022 17:00,63.2
2.csv,6/18/2022 18:00,62.5
2.csv,6/18/2022 19:00,62.1
2.csv,6/18/2022 20:00,62.6
2.csv,6/18/2022 21:00,64.1
2.csv,6/18/2022 22:00,64.2
2.csv,6/18/2022 23:00,62.2
2.csv,6/19/2022 0:00,60.4
2.csv,6/19/2022 1:00,59.4
2.csv,6/19/2022 2:00,58.1
2.csv,6/19/2022 3:00,57.6
2.csv,6/19/2022 4:00,57.9
2.csv,6/19/2022 5:00,56.7
2.csv,6/19/2022 6:00,56.4
2.csv,6/19/2022 7:00,58.7
2.csv,6/19/2022 8:00,59.5
2.csv,6/19/2022 9:00,60.4
2.csv,6/19/2022 10:00,61.7
2.csv,6/19/2022 11:00,63.2
2.csv,6/19/2022 12:00,65.9
2.csv,6/19/2022 13:00,63.8
2.csv,6/19/2022 14:00,64.1
2.csv,6/19/2022 15:00,64.8
2.csv,6/19/2022 16:00,63.8
2.csv,6/19/2022 17:00,64.5
2.csv,6/19/2022 18:00,64.5
2.csv,6/19/2022 19:00,64.7
2.csv,6/19/2022 20:00,63.9
2.csv,6/19/2022 21:00,63.1
2.csv,6/19/2022 22:00,62.7
2.csv,6/19/2022 23:00,61.9
2.csv,6/20/2022 0:00,60.1
2.csv,6/20/2022 1:00,60.5
2.csv,6/20/2022 2:00,57.4
2.csv,6/20/2022 3:00,56.6
2.csv,6/20/2022 4:00,55.4
2.csv,6/20/2022 5:00,57.4
2.csv,6/20/2022 6:00,59.6
2.csv,6/20/2022 7:00,62.7
2.csv,6/20/2022 8:00,67.5
2.csv,6/20/2022 9:00,63.5
2.csv,6/20/2022 10:00,63.2
2.csv,6/20/2022 11:00,62.4
2.csv,6/20/2022 12:00,62.2
2.csv,6/20/2022 13:00,62
2.csv,6/20/2022 14:00,62.9
2.csv,6/20/2022 15:00,63.8
2.csv,6/20/2022 16:00,64.6
2.csv,6/20/2022 17:00,64.9
2.csv,6/20/2022 18:00,65.6
2.csv,6/20/2022 19:00,64.9
2.csv,6/20/2022 20:00,64.4
2.csv,6/20/2022 21:00,63.6
2.csv,6/20/2022 22:00,61.9
2.csv,6/20/2022 23:00,60.9
2.csv,6/21/2022 0:00,59.6
2.csv,6/21/2022 1:00,56.7
2.csv,6/21/2022 2:00,54.4
2.csv,6/21/2022 3:00,53.5
2.csv,6/21/2022 4:00,52.4
2.csv,6/21/2022 5:00,55.1
2.csv,6/21/2022 6:00,58.4
2.csv,6/21/2022 7:00,62.6
2.csv,6/21/2022 8:00,64.9
2.csv,6/21/2022 9:00,64.6
2.csv,6/21/2022 10:00,64.2
2.csv,6/21/2022 11:00,63.3
2.csv,6/21/2022 12:00,62.8
2.csv,6/21/2022 13:00,62.8
2.csv,6/21/2022 14:00,64.5
2.csv,6/21/2022 15:00,65.7
2.csv,6/21/2022 16:00,65.7
2.csv,6/21/2022 17:00,65.7
2.csv,6/21/2022 18:00,65.9
2.csv,6/21/2022 19:00,65.6
2.csv,6/21/2022 20:00,65.4
2.csv,6/21/2022 21:00,64.2
2.csv,6/21/2022 22:00,63
2.csv,6/21/2022 23:00,61.8
2.csv,6/22/2022 0:00,60.2
2.csv,6/22/2022 1:00,57
2.csv,6/22/2022 2:00,54
2.csv,6/22/2022 3:00,52.6
2.csv,6/22/2022 4:00,54.4
2.csv,6/22/2022 5:00,55.9
2.csv,6/22/2022 6:00,58.2
2.csv,6/22/2022 7:00,62.7
2.csv,6/22/2022 8:00,65.6
2.csv,6/22/2022 9:00,66.3
2.csv,6/22/2022 10:00,67.2
2.csv,6/22/2022 11:00,65.3
2.csv,6/22/2022 12:00,65
2.csv,6/22/2022 13:00,64.4
2.csv,6/22/2022 14:00,65
2.csv,6/22/2022 15:00,65.6
2.csv,6/22/2022 16:00,65.6
2.csv,6/22/2022 17:00,65.7
2.csv,6/22/2022 18:00,66
2.csv,6/22/2022 19:00,65
2.csv,6/22/2022 20:00,64.4
2.csv,6/22/2022 21:00,63.7
2.csv,6/22/2022 22:00,64.2
2.csv,6/22/2022 23:00,61.7
2.csv,6/23/2022 0:00,61.8
2.csv,6/23/2022 1:00,60.5
2.csv,6/23/2022 2:00,55.4
2.csv,6/23/2022 3:00,54.3
2.csv,6/23/2022 4:00,54.7
2.csv,6/23/2022 5:00,55.6
2.csv,6/23/2022 6:00,58.4
2.csv,6/23/2022 7:00,61.7
2.csv,6/23/2022 8:00,64.2
2.csv,6/23/2022 9:00,64.6
2.csv,6/23/2022 10:00,64.4
2.csv,6/23/2022 11:00,63
2.csv,6/23/2022 12:00,62.7
2.csv,6/23/2022 13:00,62.3
2.csv,6/23/2022 14:00,64.1
2.csv,6/23/2022 15:00,64.8
2.csv,6/23/2022 16:00,65.4
2.csv,6/23/2022 17:00,65.1
2.csv,6/23/2022 18:00,65.5
2.csv,6/23/2022 19:00,64.5
2.csv,6/23/2022 20:00,64.4
2.csv,6/23/2022 21:00,63.7
2.csv,6/23/2022 22:00,63.4
2.csv,6/23/2022 23:00,61.2
2.csv,6/24/2022 0:00,60
2.csv,6/24/2022 1:00,58.6
2.csv,6/24/2022 2:00,56.5
2.csv,6/24/2022 3:00,55.3
2.csv,6/24/2022 4:00,57.2
2.csv,6/24/2022 5:00,56.4
2.csv,6/24/2022 6:00,58.2
2.csv,6/24/2022 7:00,62.1
2.csv,6/24/2022 8:00,64
2.csv,6/24/2022 9:00,64.9
2.csv,6/24/2022 10:00,65
2.csv,6/24/2022 11:00,64.1
2.csv,6/24/2022 12:00,64.4
2.csv,6/24/2022 13:00,65.9
2.csv,6/24/2022 14:00,66.1
2.csv,6/24/2022 15:00,66.1
2.csv,6/24/2022 16:00,66.7
2.csv,6/24/2022 17:00,66.5
2.csv,6/24/2022 18:00,67.2
2.csv,6/24/2022 19:00,66.7
2.csv,6/24/2022 20:00,66.3
2.csv,6/24/2022 21:00,65.5
2.csv,6/24/2022 22:00,65.2
2.csv,6/24/2022 23:00,62.5
2.csv,6/25/2022 0:00,61.9
2.csv,6/25/2022 1:00,61
2.csv,6/25/2022 2:00,59.9
2.csv,6/25/2022 3:00,59.7
2.csv,6/25/2022 4:00,60.2
2.csv,6/25/2022 5:00,59.1
2.csv,6/25/2022 6:00,57.9
2.csv,6/25/2022 7:00,60.3
2.csv,6/25/2022 8:00,61.4
2.csv,6/25/2022 9:00,62.5
2.csv,6/25/2022 10:00,66.4
2.csv,6/25/2022 11:00,63.5
2.csv,6/25/2022 12:00,63.7
2.csv,6/25/2022 13:00,63.9
2.csv,6/25/2022 14:00,64.2
2.csv,6/25/2022 15:00,64.7
2.csv,6/25/2022 16:00,64.8
2.csv,6/25/2022 17:00,65.5
2.csv,6/25/2022 18:00,64.9
2.csv,6/25/2022 19:00,65.1
2.csv,6/25/2022 20:00,65.7
2.csv,6/25/2022 21:00,66.2
2.csv,6/25/2022 22:00,63.7
2.csv,6/25/2022 23:00,63
2.csv,6/26/2022 0:00,62.7
2.csv,6/26/2022 1:00,61.3
2.csv,6/26/2022 2:00,62.3
2.csv,6/26/2022 3:00,60.4
2.csv,6/26/2022 4:00,60.7
2.csv,6/26/2022 5:00,60.6
2.csv,6/26/2022 6:00,59.4
2.csv,6/26/2022 7:00,59.6
2.csv,6/26/2022 8:00,61.1
2.csv,6/26/2022 9:00,62
2.csv,6/26/2022 10:00,63.4
2.csv,6/26/2022 11:00,64.8
2.csv,6/26/2022 12:00,63.9
2.csv,6/26/2022 13:00,64.1
2.csv,6/26/2022 14:00,64.8
2.csv,6/26/2022 15:00,63.4
2.csv,6/26/2022 16:00,64.1
2.csv,6/26/2022 17:00,65.5
2.csv,6/26/2022 18:00,66.5
2.csv,6/26/2022 19:00,66
2.csv,6/26/2022 20:00,66.1
2.csv,6/26/2022 21:00,64.1
2.csv,6/26/2022 22:00,62.4
2.csv,6/26/2022 23:00,63
2.csv,6/27/2022 0:00,61.5
2.csv,6/27/2022 1:00,59.5
2.csv,6/27/2022 2:00,56.2
2.csv,6/27/2022 3:00,55.9
2.csv,6/27/2022 4:00,54.3
2.csv,6/27/2022 5:00,57
2.csv,6/27/2022 6:00,58.9
2.csv,6/27/2022 7:00,62.6
2.csv,6/27/2022 8:00,64.2
2.csv,6/27/2022 9:00,63.9
2.csv,6/27/2022 10:00,63.8
2.csv,6/27/2022 11:00,61.9
2.csv,6/27/2022 12:00,62.1
2.csv,6/27/2022 13:00,62.9
2.csv,6/27/2022 14:00,63
2.csv,6/27/2022 15:00,63.5
2.csv,6/27/2022 16:00,63.5
2.csv,6/27/2022 17:00,64.7
2.csv,6/27/2022 18:00,64.9
2.csv,6/27/2022 19:00,65.3
2.csv,6/27/2022 20:00,64.7
2.csv,6/27/2022 21:00,64
2.csv,6/27/2022 22:00,62.5
2.csv,6/27/2022 23:00,61.1
2.csv,6/28/2022 0:00,58.8
2.csv,6/28/2022 1:00,59
2.csv,6/28/2022 2:00,57.8
2.csv,6/28/2022 3:00,56
2.csv,6/28/2022 4:00,54.6
2.csv,6/28/2022 5:00,56.1
2.csv,6/28/2022 6:00,59.3
2.csv,6/28/2022 7:00,63.9
2.csv,6/28/2022 8:00,66.8
2.csv,6/28/2022 9:00,68.4
2.csv,6/28/2022 10:00,68.6
2.csv,6/28/2022 11:00,66.9
2.csv,6/28/2022 12:00,67
2.csv,6/28/2022 13:00,67.1
2.csv,6/28/2022 14:00,66.5
2.csv,6/28/2022 15:00,66
2.csv,6/28/2022 16:00,65.3
2.csv,6/28/2022 17:00,64.7
2.csv,6/28/2022 18:00,65.2
2.csv,6/28/2022 19:00,65.1
2.csv,6/28/2022 20:00,64.3
2.csv,6/28/2022 21:00,64.3
2.csv,6/28/2022 22:00,63.3
2.csv,6/28/2022 23:00,61.3
2.csv,6/29/2022 0:00,60.3
2.csv,6/29/2022 1:00,57
2.csv,6/29/2022 2:00,55.7
2.csv,6/29/2022 3:00,54
2.csv,6/29/2022 4:00,55.2
2.csv,6/29/2022 5:00,60
2.csv,6/29/2022 6:00,59.6
2.csv,6/29/2022 7:00,62
2.csv,6/29/2022 8:00,70
2.csv,6/29/2022 9:00,64.9
2.csv,6/29/2022 10:00,65.1
2.csv,6/29/2022 11:00,62.9
2.csv,6/29/2022 12:00,62.9
2.csv,6/29/2022 13:00,62.9
2.csv,6/29/2022 14:00,64.4
2.csv,6/29/2022 15:00,65
2.csv,6/29/2022 16:00,65.6
2.csv,6/29/2022 17:00,66.9
2.csv,6/29/2022 18:00,65.9
2.csv,6/29/2022 19:00,66.1
2.csv,6/29/2022 20:00,65.9
2.csv,6/29/2022 21:00,64.6
2.csv,6/29/2022 22:00,62.9
2.csv,6/29/2022 23:00,60.6
2.csv,6/30/2022 0:00,59.9
2.csv,6/30/2022 1:00,58
2.csv,6/30/2022 2:00,56.6
2.csv,6/30/2022 3:00,54.6
2.csv,6/30/2022 4:00,54.7
2.csv,6/30/2022 5:00,56.7
2.csv,6/30/2022 6:00,59.3
2.csv,6/30/2022 7:00,62.9
2.csv,6/30/2022 8:00,65.1
2.csv,6/30/2022 9:00,65.8
2.csv,6/30/2022 10:00,65.7
2.csv,6/30/2022 11:00,64
2.csv,6/30/2022 12:00,63.6
2.csv,6/30/2022 13:00,63.4
2.csv,6/30/2022 14:00,63.3
2.csv,6/30/2022 15:00,63.8
2.csv,6/30/2022 16:00,63.7
2.csv,6/30/2022 17:00,64.1
2.csv,6/30/2022 18:00,64.3
2.csv,6/30/2022 19:00,64.1
2.csv,6/30/2022 20:00,63.8
2.csv,6/30/2022 21:00,63.2
2.csv,6/30/2022 22:00,62.6
2.csv,6/30/2022 23:00,61.7
3.csv,7/1/2022 1:00,58.7
3.csv,7/1/2022 2:00,57
3.csv,7/1/2022 3:00,56.8
3.csv,7/1/2022 4:00,56
3.csv,7/1/2022 5:00,55.4
3.csv,7/1/2022 6:00,58.4
3.csv,7/1/2022 7:00,62.3
3.csv,7/1/2022 8:00,65
3.csv,7/1/2022 9:00,65.3
3.csv,7/1/2022 10:00,64.4
3.csv,7/1/2022 11:00,63
3.csv,7/1/2022 12:00,63.5
3.csv,7/1/2022 13:00,64.7
3.csv,7/1/2022 14:00,63.7
3.csv,7/1/2022 15:00,63.9
3.csv,7/1/2022 16:00,65.4
3.csv,7/1/2022 17:00,65.8
3.csv,7/1/2022 18:00,65.5
3.csv,7/1/2022 19:00,65.1
3.csv,7/1/2022 20:00,65.3
3.csv,7/1/2022 21:00,66.5
3.csv,7/1/2022 22:00,65.6
3.csv,7/1/2022 23:00,64.5
3.csv,7/2/2022 0:00,63.2
3.csv,7/2/2022 1:00,61.2
3.csv,7/2/2022 2:00,60.5
3.csv,7/2/2022 3:00,59.5
3.csv,7/2/2022 4:00,59.1
3.csv,7/2/2022 5:00,57.4
3.csv,7/2/2022 6:00,58.3
3.csv,7/2/2022 7:00,60.2
3.csv,7/2/2022 8:00,60.9
3.csv,7/2/2022 9:00,62.4
3.csv,7/2/2022 10:00,63.5
3.csv,7/2/2022 11:00,63.1
3.csv,7/2/2022 12:00,63.7
3.csv,7/2/2022 13:00,62.8
3.csv,7/2/2022 14:00,63
3.csv,7/2/2022 15:00,62.8
3.csv,7/2/2022 16:00,64.9
3.csv,7/2/2022 17:00,64.8
3.csv,7/2/2022 18:00,63.8
3.csv,7/2/2022 19:00,63.6
3.csv,7/2/2022 20:00,65.6
3.csv,7/2/2022 21:00,66.2
3.csv,7/2/2022 22:00,63.4
3.csv,7/2/2022 23:00,61.5
3.csv,7/3/2022 0:00,62
3.csv,7/3/2022 1:00,61
3.csv,7/3/2022 2:00,59.7
3.csv,7/3/2022 3:00,58.9
3.csv,7/3/2022 4:00,58.8
3.csv,7/3/2022 5:00,57.7
3.csv,7/3/2022 6:00,58
3.csv,7/3/2022 7:00,58.7
3.csv,7/3/2022 8:00,60.3
3.csv,7/3/2022 9:00,64.2
3.csv,7/3/2022 10:00,61.5
3.csv,7/3/2022 11:00,62.6
3.csv,7/3/2022 12:00,62.9
3.csv,7/3/2022 13:00,63.5
3.csv,7/3/2022 14:00,65
3.csv,7/3/2022 15:00,62.6
3.csv,7/3/2022 16:00,62.3
3.csv,7/3/2022 17:00,62.6
3.csv,7/3/2022 18:00,63.9
3.csv,7/3/2022 19:00,64.5
3.csv,7/3/2022 20:00,64.2
3.csv,7/3/2022 21:00,63.6
3.csv,7/3/2022 22:00,62
3.csv,7/3/2022 23:00,60.4
3.csv,7/4/2022 0:00,59.4
3.csv,7/4/2022 1:00,58.2
3.csv,7/4/2022 2:00,56.3
3.csv,7/4/2022 3:00,54.6
3.csv,7/4/2022 4:00,53.7
3.csv,7/4/2022 5:00,55.8
3.csv,7/4/2022 6:00,58.8
3.csv,7/4/2022 7:00,62.7
3.csv,7/4/2022 8:00,64
3.csv,7/4/2022 9:00,63.9
3.csv,7/4/2022 10:00,64
3.csv,7/4/2022 11:00,64
3.csv,7/4/2022 12:00,63.3
3.csv,7/4/2022 13:00,62.9
3.csv,7/4/2022 14:00,63.3
3.csv,7/4/2022 15:00,63.7
3.csv,7/4/2022 16:00,64.7
3.csv,7/4/2022 17:00,63.4
3.csv,7/4/2022 18:00,63.6
3.csv,7/4/2022 19:00,63.7
3.csv,7/4/2022 20:00,63.9
3.csv,7/4/2022 21:00,62.5
3.csv,7/4/2022 22:00,61.4
3.csv,7/4/2022 23:00,60.2
3.csv,7/5/2022 0:00,58.5
3.csv,7/5/2022 1:00,55.7
3.csv,7/5/2022 2:00,54.6
3.csv,7/5/2022 3:00,53.3
3.csv,7/5/2022 4:00,54.9
3.csv,7/5/2022 5:00,53.9
3.csv,7/5/2022 6:00,58.9
3.csv,7/5/2022 7:00,62.7
3.csv,7/5/2022 8:00,65
3.csv,7/5/2022 9:00,64.8
3.csv,7/5/2022 10:00,64.9
3.csv,7/5/2022 11:00,64
3.csv,7/5/2022 12:00,63.4
3.csv,7/5/2022 13:00,63.5
3.csv,7/5/2022 14:00,63.8
3.csv,7/5/2022 15:00,63.3
3.csv,7/5/2022 16:00,63.5
3.csv,7/5/2022 17:00,64.4
3.csv,7/5/2022 18:00,65.3
3.csv,7/5/2022 19:00,64.9
3.csv,7/5/2022 20:00,64.1
3.csv,7/5/2022 21:00,63.2
3.csv,7/5/2022 22:00,62.2
3.csv,7/5/2022 23:00,61
3.csv,7/6/2022 0:00,59.5
3.csv,7/6/2022 1:00,56.4
3.csv,7/6/2022 2:00,55
3.csv,7/6/2022 3:00,53.1
3.csv,7/6/2022 4:00,54.2
3.csv,7/6/2022 5:00,55.7
3.csv,7/6/2022 6:00,58.5
3.csv,7/6/2022 7:00,62.4
3.csv,7/6/2022 8:00,64.1
3.csv,7/6/2022 9:00,64.5
3.csv,7/6/2022 10:00,64.2
3.csv,7/6/2022 11:00,63
3.csv,7/6/2022 12:00,62.1
3.csv,7/6/2022 13:00,62.3
3.csv,7/6/2022 14:00,63.5
3.csv,7/6/2022 15:00,63
3.csv,7/6/2022 16:00,63.4
3.csv,7/6/2022 17:00,64.1
3.csv,7/6/2022 18:00,64.1
3.csv,7/6/2022 19:00,64.7
3.csv,7/6/2022 20:00,63.7
3.csv,7/6/2022 21:00,63.3
3.csv,7/6/2022 22:00,62.6
3.csv,7/6/2022 23:00,61.2
3.csv,7/7/2022 0:00,59.8
3.csv,7/7/2022 1:00,57
3.csv,7/7/2022 2:00,56.6
3.csv,7/7/2022 3:00,54.9
3.csv,7/7/2022 4:00,55.7
3.csv,7/7/2022 5:00,55.7
3.csv,7/7/2022 6:00,58.2
3.csv,7/7/2022 7:00,62.6
3.csv,7/7/2022 8:00,64.5
3.csv,7/7/2022 9:00,64.4
3.csv,7/7/2022 10:00,63.9
3.csv,7/7/2022 11:00,62.5
3.csv,7/7/2022 12:00,62.3
3.csv,7/7/2022 13:00,63.5
3.csv,7/7/2022 14:00,63.5
3.csv,7/7/2022 15:00,64.2
3.csv,7/7/2022 16:00,64.7
3.csv,7/7/2022 17:00,64
3.csv,7/7/2022 18:00,65
3.csv,7/7/2022 19:00,64.3
3.csv,7/7/2022 20:00,63.3
3.csv,7/7/2022 21:00,63.3
3.csv,7/7/2022 22:00,62.5
3.csv,7/7/2022 23:00,60.9
3.csv,7/8/2022 0:00,60
3.csv,7/8/2022 1:00,58
3.csv,7/8/2022 2:00,56.1
3.csv,7/8/2022 3:00,56.4
3.csv,7/8/2022 4:00,56.5
3.csv,7/8/2022 5:00,57.2
3.csv,7/8/2022 6:00,58.8
3.csv,7/8/2022 7:00,62.3
3.csv,7/8/2022 8:00,64
3.csv,7/8/2022 9:00,64.6
3.csv,7/8/2022 10:00,64.2
3.csv,7/8/2022 11:00,63.3
3.csv,7/8/2022 12:00,63.4
3.csv,7/8/2022 13:00,63.3
3.csv,7/8/2022 14:00,63
3.csv,7/8/2022 15:00,62.9
3.csv,7/8/2022 16:00,63.6
3.csv,7/8/2022 17:00,63.7
3.csv,7/8/2022 18:00,63.7
3.csv,7/8/2022 19:00,64
3.csv,7/8/2022 20:00,62.8
3.csv,7/8/2022 21:00,63.8
3.csv,7/8/2022 22:00,62.1
3.csv,7/8/2022 23:00,61.3
3.csv,7/9/2022 0:00,60.9
3.csv,7/9/2022 1:00,59.9
3.csv,7/9/2022 2:00,58.7
3.csv,7/9/2022 3:00,57.6
3.csv,7/9/2022 4:00,57.3
3.csv,7/9/2022 5:00,56.9
3.csv,7/9/2022 6:00,57.1
3.csv,7/9/2022 7:00,59.4
3.csv,7/9/2022 8:00,64.3
3.csv,7/9/2022 9:00,61.9
3.csv,7/9/2022 10:00,62.5
3.csv,7/9/2022 11:00,62.6
3.csv,7/9/2022 12:00,62.3
3.csv,7/9/2022 13:00,62.9
3.csv,7/9/2022 14:00,63.1
3.csv,7/9/2022 15:00,63.5
3.csv,7/9/2022 16:00,63
3.csv,7/9/2022 17:00,64.1
3.csv,7/9/2022 18:00,64.1
3.csv,7/9/2022 19:00,64
3.csv,7/9/2022 20:00,64.5
3.csv,7/9/2022 21:00,64.8
3.csv,7/9/2022 22:00,62.6
3.csv,7/9/2022 23:00,60.7
3.csv,7/10/2022 0:00,60.5
3.csv,7/10/2022 1:00,59.8
3.csv,7/10/2022 2:00,59.1
3.csv,7/10/2022 3:00,58.9
3.csv,7/10/2022 4:00,59
3.csv,7/10/2022 5:00,57.4
3.csv,7/10/2022 6:00,58.5
3.csv,7/10/2022 7:00,59.2
3.csv,7/10/2022 8:00,60.2
3.csv,7/10/2022 9:00,60.8
3.csv,7/10/2022 10:00,61.9
3.csv,7/10/2022 11:00,62.7
3.csv,7/10/2022 12:00,62.5
3.csv,7/10/2022 13:00,63.1
3.csv,7/10/2022 14:00,63.3
3.csv,7/10/2022 15:00,63.8
3.csv,7/10/2022 16:00,64
3.csv,7/10/2022 17:00,62.8
3.csv,7/10/2022 18:00,64.3
3.csv,7/10/2022 19:00,65.6
3.csv,7/10/2022 20:00,64
3.csv,7/10/2022 21:00,64
3.csv,7/10/2022 22:00,62.8
3.csv,7/10/2022 23:00,61.1
3.csv,7/11/2022 0:00,60.2
3.csv,7/11/2022 1:00,57.9
3.csv,7/11/2022 2:00,56.3
3.csv,7/11/2022 3:00,55.4
3.csv,7/11/2022 4:00,55.6
3.csv,7/11/2022 5:00,56
3.csv,7/11/2022 6:00,59.1
3.csv,7/11/2022 7:00,63
3.csv,7/11/2022 8:00,63.8
3.csv,7/11/2022 9:00,65.5
3.csv,7/11/2022 10:00,64.4
3.csv,7/11/2022 11:00,62.7
3.csv,7/11/2022 12:00,63.5
3.csv,7/11/2022 13:00,63.3
3.csv,7/11/2022 14:00,63.8
3.csv,7/11/2022 15:00,63.9
3.csv,7/11/2022 16:00,63.5
3.csv,7/11/2022 17:00,63.5
3.csv,7/11/2022 18:00,63.7
3.csv,7/11/2022 19:00,63.3
3.csv,7/11/2022 20:00,63.3
3.csv,7/11/2022 21:00,62.3
3.csv,7/11/2022 22:00,62.6
3.csv,7/11/2022 23:00,59.5
3.csv,7/12/2022 0:00,58.4
3.csv,7/12/2022 1:00,55.5
3.csv,7/12/2022 2:00,54.7
3.csv,7/12/2022 3:00,53.4
3.csv,7/12/2022 4:00,52.8
3.csv,7/12/2022 5:00,55
3.csv,7/12/2022 6:00,59.3
3.csv,7/12/2022 7:00,62.5
3.csv,7/12/2022 8:00,64.5
3.csv,7/12/2022 9:00,65.5
3.csv,7/12/2022 10:00,65.4
3.csv,7/12/2022 11:00,66.4
3.csv,7/12/2022 12:00,67.6
3.csv,7/12/2022 13:00,63.8
3.csv,7/12/2022 14:00,63.7
3.csv,7/12/2022 15:00,66.1
3.csv,7/12/2022 16:00,63.4
3.csv,7/12/2022 17:00,63.8
3.csv,7/12/2022 18:00,63.9
3.csv,7/12/2022 19:00,63.5
3.csv,7/12/2022 20:00,62.8
3.csv,7/12/2022 21:00,61.9
3.csv,7/12/2022 22:00,61.8
3.csv,7/12/2022 23:00,60.3
3.csv,7/13/2022 0:00,58.8
3.csv,7/13/2022 1:00,56.6
3.csv,7/13/2022 2:00,53.7
3.csv,7/13/2022 3:00,53.3
3.csv,7/13/2022 4:00,53.2
3.csv,7/13/2022 5:00,54.2
3.csv,7/13/2022 6:00,59.1
3.csv,7/13/2022 7:00,62.1
3.csv,7/13/2022 8:00,63.2
3.csv,7/13/2022 9:00,62.8
3.csv,7/13/2022 10:00,64.6
3.csv,7/13/2022 11:00,67.4
3.csv,7/13/2022 12:00,65.7
3.csv,7/13/2022 13:00,63.7
3.csv,7/13/2022 14:00,64.5
3.csv,7/13/2022 15:00,62.3
3.csv,7/13/2022 16:00,62.4
3.csv,7/13/2022 17:00,62.7
3.csv,7/13/2022 18:00,63.8
3.csv,7/13/2022 19:00,63.5
3.csv,7/13/2022 20:00,62.9
3.csv,7/13/2022 21:00,61.8
3.csv,7/13/2022 22:00,60.9
3.csv,7/13/2022 23:00,60.8
3.csv,7/14/2022 0:00,59
3.csv,7/14/2022 1:00,56.5
3.csv,7/14/2022 2:00,56.4
3.csv,7/14/2022 3:00,53.5
3.csv,7/14/2022 4:00,53.5
3.csv,7/14/2022 5:00,54
3.csv,7/14/2022 6:00,58
3.csv,7/14/2022 7:00,61.8
3.csv,7/14/2022 8:00,62.8
3.csv,7/14/2022 9:00,62.5
3.csv,7/14/2022 10:00,63.3
3.csv,7/14/2022 11:00,66
3.csv,7/14/2022 12:00,62.4
3.csv,7/14/2022 13:00,63.3
3.csv,7/14/2022 14:00,62.8
3.csv,7/14/2022 15:00,61.8
3.csv,7/14/2022 16:00,62.7
3.csv,7/14/2022 17:00,63.9
3.csv,7/14/2022 18:00,63.8
3.csv,7/14/2022 19:00,63.4
3.csv,7/14/2022 20:00,62.9
3.csv,7/14/2022 21:00,62.6
3.csv,7/14/2022 22:00,63.3
3.csv,7/14/2022 23:00,60.5
3.csv,7/15/2022 0:00,58.9
3.csv,7/15/2022 1:00,57.6
3.csv,7/15/2022 2:00,55.8
3.csv,7/15/2022 3:00,55.7
3.csv,7/15/2022 4:00,55.5
3.csv,7/15/2022 5:00,55.8
3.csv,7/15/2022 6:00,57.8
3.csv,7/15/2022 7:00,61
3.csv,7/15/2022 8:00,63.5
3.csv,7/15/2022 9:00,63.4
3.csv,7/15/2022 10:00,63.8
3.csv,7/15/2022 11:00,63.2
3.csv,7/15/2022 12:00,63.4
3.csv,7/15/2022 13:00,62.6
3.csv,7/15/2022 14:00,62.9
3.csv,7/15/2022 15:00,62.9
3.csv,7/15/2022 16:00,62.7
3.csv,7/15/2022 17:00,64.5
3.csv,7/15/2022 18:00,63.9
3.csv,7/15/2022 19:00,64.1
3.csv,7/15/2022 20:00,65.5
3.csv,7/15/2022 21:00,63.8
3.csv,7/15/2022 22:00,63.6
3.csv,7/15/2022 23:00,62
3.csv,7/16/2022 0:00,60.7
3.csv,7/16/2022 1:00,59.7
3.csv,7/16/2022 2:00,58.9
3.csv,7/16/2022 3:00,57.3
3.csv,7/16/2022 4:00,58.3
3.csv,7/16/2022 5:00,57.6
3.csv,7/16/2022 6:00,58.2
3.csv,7/16/2022 7:00,59.9
3.csv,7/16/2022 8:00,61.2
3.csv,7/16/2022 9:00,61
3.csv,7/16/2022 10:00,62.2
3.csv,7/16/2022 11:00,62.7
3.csv,7/16/2022 12:00,63.4
3.csv,7/16/2022 13:00,63.9
3.csv,7/16/2022 14:00,62.3
3.csv,7/16/2022 15:00,62.9
3.csv,7/16/2022 16:00,63.6
3.csv,7/16/2022 17:00,64.1
3.csv,7/16/2022 18:00,63.9
3.csv,7/16/2022 19:00,63.9
3.csv,7/16/2022 20:00,63.2
3.csv,7/16/2022 21:00,63.2
3.csv,7/16/2022 22:00,62
3.csv,7/16/2022 23:00,60.5
3.csv,7/17/2022 0:00,60.1
3.csv,7/17/2022 1:00,60.3
3.csv,7/17/2022 2:00,59.1
3.csv,7/17/2022 3:00,58.1
3.csv,7/17/2022 4:00,57.8
3.csv,7/17/2022 5:00,57.1
3.csv,7/17/2022 6:00,56.7
3.csv,7/17/2022 7:00,57.8
3.csv,7/17/2022 8:00,60.1
3.csv,7/17/2022 9:00,60.7
3.csv,7/17/2022 10:00,61.7
3.csv,7/17/2022 11:00,62.9
3.csv,7/17/2022 12:00,62.8
3.csv,7/17/2022 13:00,63.4
3.csv,7/17/2022 14:00,64.4
3.csv,7/17/2022 15:00,64
3.csv,7/17/2022 16:00,62.7
3.csv,7/17/2022 17:00,61.6
3.csv,7/17/2022 18:00,63.8
3.csv,7/17/2022 19:00,64.7
3.csv,7/17/2022 20:00,63
3.csv,7/17/2022 21:00,61.9
3.csv,7/17/2022 22:00,60.9
3.csv,7/17/2022 23:00,59.3
3.csv,7/18/2022 0:00,58.3
3.csv,7/18/2022 1:00,56.1
3.csv,7/18/2022 2:00,54.7
3.csv,7/18/2022 3:00,53.5
3.csv,7/18/2022 4:00,54.7
3.csv,7/18/2022 5:00,54.6
3.csv,7/18/2022 6:00,58.4
3.csv,7/18/2022 7:00,61.9
3.csv,7/18/2022 8:00,63.6
3.csv,7/18/2022 9:00,63
3.csv,7/18/2022 10:00,63.2
3.csv,7/18/2022 11:00,62.4
3.csv,7/18/2022 12:00,62.1
3.csv,7/18/2022 13:00,63.1
3.csv,7/18/2022 14:00,64.6
3.csv,7/18/2022 15:00,62.9
3.csv,7/18/2022 16:00,63.5
3.csv,7/18/2022 17:00,64.1
3.csv,7/18/2022 18:00,64.9
3.csv,7/18/2022 19:00,64
3.csv,7/18/2022 20:00,63.8
3.csv,7/18/2022 21:00,63.2
3.csv,7/18/2022 22:00,61.6
3.csv,7/18/2022 23:00,60
3.csv,7/19/2022 0:00,59
3.csv,7/19/2022 1:00,55
3.csv,7/19/2022 2:00,54.5
3.csv,7/19/2022 3:00,53.1
3.csv,7/19/2022 4:00,53.1
3.csv,7/19/2022 5:00,54.4
3.csv,7/19/2022 6:00,58.3
3.csv,7/19/2022 7:00,62
3.csv,7/19/2022 8:00,64.2
3.csv,7/19/2022 9:00,63.6
3.csv,7/19/2022 10:00,63.6
3.csv,7/19/2022 11:00,62.5
3.csv,7/19/2022 12:00,61.3
3.csv,7/19/2022 13:00,61.9
3.csv,7/19/2022 14:00,64
3.csv,7/19/2022 15:00,63.4
3.csv,7/19/2022 16:00,63.8
3.csv,7/19/2022 17:00,64.2
3.csv,7/19/2022 18:00,65
3.csv,7/19/2022 19:00,63.9
3.csv,7/19/2022 20:00,62.8
3.csv,7/19/2022 21:00,63.1
3.csv,7/19/2022 22:00,63
3.csv,7/19/2022 23:00,60.3
3.csv,7/20/2022 0:00,58.7
3.csv,7/20/2022 1:00,56.5
3.csv,7/20/2022 2:00,54.3
3.csv,7/20/2022 3:00,51.8
3.csv,7/20/2022 4:00,53.4
3.csv,7/20/2022 5:00,54.3
3.csv,7/20/2022 6:00,57.6
3.csv,7/20/2022 7:00,62.6
3.csv,7/20/2022 8:00,63.8
3.csv,7/20/2022 9:00,64
3.csv,7/20/2022 10:00,64.6
3.csv,7/20/2022 11:00,63
3.csv,7/20/2022 12:00,62.8
3.csv,7/20/2022 13:00,63.3
3.csv,7/20/2022 14:00,62.9
3.csv,7/20/2022 15:00,63.3
3.csv,7/20/2022 16:00,63.9
3.csv,7/20/2022 17:00,64.6
3.csv,7/20/2022 18:00,64.9
3.csv,7/20/2022 19:00,64.3
3.csv,7/20/2022 20:00,65.5
3.csv,7/20/2022 21:00,63
3.csv,7/20/2022 22:00,62
3.csv,7/20/2022 23:00,60.6
3.csv,7/21/2022 0:00,59.4
3.csv,7/21/2022 1:00,56.9
3.csv,7/21/2022 2:00,54.6
3.csv,7/21/2022 3:00,54.2
3.csv,7/21/2022 4:00,55.1
3.csv,7/21/2022 5:00,56.2
3.csv,7/21/2022 6:00,58.3
3.csv,7/21/2022 7:00,62.7
3.csv,7/21/2022 8:00,64.5
3.csv,7/21/2022 9:00,64.5
3.csv,7/21/2022 10:00,64.6
3.csv,7/21/2022 11:00,63.9
3.csv,7/21/2022 12:00,64
3.csv,7/21/2022 13:00,63.9
3.csv,7/21/2022 14:00,64.4
3.csv,7/21/2022 15:00,63.7
3.csv,7/21/2022 16:00,65.5
3.csv,7/21/2022 17:00,64.9
3.csv,7/21/2022 18:00,65.6
3.csv,7/21/2022 19:00,65.7
3.csv,7/21/2022 20:00,64.5
3.csv,7/21/2022 21:00,64
3.csv,7/21/2022 22:00,63.1
3.csv,7/21/2022 23:00,61.6
3.csv,7/22/2022 0:00,60.5
3.csv,7/22/2022 1:00,58.3
3.csv,7/22/2022 2:00,57
3.csv,7/22/2022 3:00,56
3.csv,7/22/2022 4:00,56.3
3.csv,7/22/2022 5:00,58.8
3.csv,7/22/2022 6:00,58.5
3.csv,7/22/2022 7:00,62.5
3.csv,7/22/2022 8:00,64.2
3.csv,7/22/2022 9:00,64.5
3.csv,7/22/2022 10:00,64.8
3.csv,7/22/2022 11:00,62.8
3.csv,7/22/2022 12:00,62.5
3.csv,7/22/2022 13:00,63.6
3.csv,7/22/2022 14:00,63.8
3.csv,7/22/2022 15:00,64.5
3.csv,7/22/2022 16:00,64.8
3.csv,7/22/2022 17:00,65.6
3.csv,7/22/2022 18:00,66
3.csv,7/22/2022 19:00,65.1
3.csv,7/22/2022 20:00,64.6
3.csv,7/22/2022 21:00,63.9
3.csv,7/22/2022 22:00,63.2
3.csv,7/22/2022 23:00,62.5
3.csv,7/23/2022 0:00,61.2
3.csv,7/23/2022 1:00,59.3
3.csv,7/23/2022 2:00,57.9
3.csv,7/23/2022 3:00,57.2
3.csv,7/23/2022 4:00,57.6
3.csv,7/23/2022 5:00,57.7
3.csv,7/23/2022 6:00,57.8
3.csv,7/23/2022 7:00,61.1
3.csv,7/23/2022 8:00,63.6
3.csv,7/23/2022 9:00,64
3.csv,7/23/2022 10:00,65.3
3.csv,7/23/2022 11:00,67.2
3.csv,7/23/2022 12:00,66.1
3.csv,7/23/2022 13:00,65.4
3.csv,7/23/2022 14:00,65
3.csv,7/23/2022 15:00,63.7
3.csv,7/23/2022 16:00,63.4
3.csv,7/23/2022 17:00,63.8
3.csv,7/23/2022 18:00,63.6
3.csv,7/23/2022 19:00,63.9
3.csv,7/23/2022 20:00,64.9
3.csv,7/23/2022 21:00,63.7
3.csv,7/23/2022 22:00,63.3
3.csv,7/23/2022 23:00,61
3.csv,7/24/2022 0:00,59.6
3.csv,7/24/2022 1:00,58.9
3.csv,7/24/2022 2:00,58.1
3.csv,7/24/2022 3:00,57.5
3.csv,7/24/2022 4:00,58.3
3.csv,7/24/2022 5:00,56.7
3.csv,7/24/2022 6:00,57.1
3.csv,7/24/2022 7:00,57.9
3.csv,7/24/2022 8:00,59.8
3.csv,7/24/2022 9:00,60.2
3.csv,7/24/2022 10:00,61.6
3.csv,7/24/2022 11:00,62
3.csv,7/24/2022 12:00,61.8
3.csv,7/24/2022 13:00,62.6
3.csv,7/24/2022 14:00,63
3.csv,7/24/2022 15:00,62.9
3.csv,7/24/2022 16:00,63.1
3.csv,7/24/2022 17:00,63.2
3.csv,7/24/2022 18:00,65.2
3.csv,7/24/2022 19:00,66.6
3.csv,7/24/2022 20:00,64.6
3.csv,7/24/2022 21:00,64.1
3.csv,7/24/2022 22:00,62.5
3.csv,7/24/2022 23:00,61.5
3.csv,7/25/2022 0:00,60
3.csv,7/25/2022 1:00,58.6
3.csv,7/25/2022 2:00,56
3.csv,7/25/2022 3:00,55.7
3.csv,7/25/2022 4:00,55.6
3.csv,7/25/2022 5:00,55.7
3.csv,7/25/2022 6:00,60
3.csv,7/25/2022 7:00,62.5
3.csv,7/25/2022 8:00,66.9
3.csv,7/25/2022 9:00,64.1
3.csv,7/25/2022 10:00,64.8
3.csv,7/25/2022 11:00,64.2
3.csv,7/25/2022 12:00,63.9
3.csv,7/25/2022 13:00,63.8
3.csv,7/25/2022 14:00,63.7
3.csv,7/25/2022 15:00,63.2
3.csv,7/25/2022 16:00,63.1
3.csv,7/25/2022 17:00,64
3.csv,7/25/2022 18:00,64.2
3.csv,7/25/2022 19:00,64.1
3.csv,7/25/2022 20:00,64
3.csv,7/25/2022 21:00,63.4
3.csv,7/25/2022 22:00,61.6
3.csv,7/25/2022 23:00,60.3
3.csv,7/26/2022 0:00,59.3
3.csv,7/26/2022 1:00,57.4
3.csv,7/26/2022 2:00,54.5
3.csv,7/26/2022 3:00,53.5
3.csv,7/26/2022 4:00,53.7
3.csv,7/26/2022 5:00,54.9
3.csv,7/26/2022 6:00,59
3.csv,7/26/2022 7:00,62.5
3.csv,7/26/2022 8:00,65
3.csv,7/26/2022 9:00,65.2
3.csv,7/26/2022 10:00,64.2
3.csv,7/26/2022 11:00,63.3
3.csv,7/26/2022 12:00,63.4
3.csv,7/26/2022 13:00,62.6
3.csv,7/26/2022 14:00,63.2
3.csv,7/26/2022 15:00,62.7
3.csv,7/26/2022 16:00,63.1
3.csv,7/26/2022 17:00,63.5
3.csv,7/26/2022 18:00,64.9
3.csv,7/26/2022 19:00,64.2
3.csv,7/26/2022 20:00,63.4
3.csv,7/26/2022 21:00,63.6
3.csv,7/26/2022 22:00,61.6
3.csv,7/26/2022 23:00,60.2
3.csv,7/27/2022 0:00,59.9
3.csv,7/27/2022 1:00,56.8
3.csv,7/27/2022 2:00,55
3.csv,7/27/2022 3:00,54.3
3.csv,7/27/2022 4:00,57.5
3.csv,7/27/2022 5:00,55.7
3.csv,7/27/2022 6:00,59.9
3.csv,7/27/2022 7:00,63
3.csv,7/27/2022 8:00,70
3.csv,7/27/2022 9:00,67
3.csv,7/27/2022 10:00,65.2
3.csv,7/27/2022 11:00,64.3
3.csv,7/27/2022 12:00,64.2
3.csv,7/27/2022 13:00,64.4
3.csv,7/27/2022 14:00,64.5
3.csv,7/27/2022 15:00,63.9
3.csv,7/27/2022 16:00,65
3.csv,7/27/2022 17:00,65.4
3.csv,7/27/2022 18:00,66.1
3.csv,7/27/2022 19:00,65.9
3.csv,7/27/2022 20:00,65.4
3.csv,7/27/2022 21:00,63.9
3.csv,7/27/2022 22:00,63.4
3.csv,7/27/2022 23:00,61.5
3.csv,7/28/2022 0:00,59.7
3.csv,7/28/2022 1:00,59.2
3.csv,7/28/2022 2:00,55.8
3.csv,7/28/2022 3:00,54.3
3.csv,7/28/2022 4:00,56
3.csv,7/28/2022 5:00,55.6
3.csv,7/28/2022 6:00,58.9
3.csv,7/28/2022 7:00,63.2
3.csv,7/28/2022 8:00,65
3.csv,7/28/2022 9:00,65.4
3.csv,7/28/2022 10:00,65.1
3.csv,7/28/2022 11:00,64.9
3.csv,7/28/2022 12:00,64.6
3.csv,7/28/2022 13:00,64.1
3.csv,7/28/2022 14:00,64.8
3.csv,7/28/2022 15:00,64.5
3.csv,7/28/2022 16:00,65.3
3.csv,7/28/2022 17:00,65.3
3.csv,7/28/2022 18:00,65.8
3.csv,7/28/2022 19:00,64.9
3.csv,7/28/2022 20:00,64.6
3.csv,7/28/2022 21:00,64.6
3.csv,7/28/2022 22:00,63.5
3.csv,7/28/2022 23:00,61.3
3.csv,7/29/2022 0:00,60.6
3.csv,7/29/2022 1:00,58.7
3.csv,7/29/2022 2:00,56.2
3.csv,7/29/2022 3:00,55.7
3.csv,7/29/2022 4:00,55.2
3.csv,7/29/2022 5:00,55.2
3.csv,7/29/2022 6:00,59.3
3.csv,7/29/2022 7:00,63.4
3.csv,7/29/2022 8:00,65.1
3.csv,7/29/2022 9:00,65.8
3.csv,7/29/2022 10:00,65.3
3.csv,7/29/2022 11:00,64
3.csv,7/29/2022 12:00,64.1
3.csv,7/29/2022 13:00,65.1
3.csv,7/29/2022 14:00,65.2
3.csv,7/29/2022 15:00,64.3
3.csv,7/29/2022 16:00,63.8
3.csv,7/29/2022 17:00,64.2
3.csv,7/29/2022 18:00,65.1
3.csv,7/29/2022 19:00,64.3
3.csv,7/29/2022 20:00,64
3.csv,7/29/2022 21:00,63.3
3.csv,7/29/2022 22:00,63
3.csv,7/29/2022 23:00,61.3
3.csv,7/30/2022 0:00,60.5
3.csv,7/30/2022 1:00,58.7
3.csv,7/30/2022 2:00,57.9
3.csv,7/30/2022 3:00,57
3.csv,7/30/2022 4:00,56.7
3.csv,7/30/2022 5:00,57.5
3.csv,7/30/2022 6:00,57.1
3.csv,7/30/2022 7:00,59
3.csv,7/30/2022 8:00,60.9
3.csv,7/30/2022 9:00,63.2
3.csv,7/30/2022 10:00,63.9
3.csv,7/30/2022 11:00,64.6
3.csv,7/30/2022 12:00,64.4
3.csv,7/30/2022 13:00,64.4
3.csv,7/30/2022 14:00,64.1
3.csv,7/30/2022 15:00,63.9
3.csv,7/30/2022 16:00,63.7
3.csv,7/30/2022 17:00,63.7
3.csv,7/30/2022 18:00,65.4
3.csv,7/30/2022 19:00,66.2
3.csv,7/30/2022 20:00,65.6
3.csv,7/30/2022 21:00,65.6
3.csv,7/30/2022 22:00,64.3
3.csv,7/30/2022 23:00,62.7
3.csv,7/31/2022 0:00,61.3
3.csv,7/31/2022 1:00,60.5
3.csv,7/31/2022 2:00,60.4
3.csv,7/31/2022 3:00,60.1
3.csv,7/31/2022 4:00,59.6
3.csv,7/31/2022 5:00,58.9
3.csv,7/31/2022 6:00,58.4
3.csv,7/31/2022 7:00,60.5
3.csv,7/31/2022 8:00,61.6
3.csv,7/31/2022 9:00,61.9
3.csv,7/31/2022 10:00,63.2
3.csv,7/31/2022 11:00,64.7
3.csv,7/31/2022 12:00,64.6
3.csv,7/31/2022 13:00,64.5
3.csv,7/31/2022 14:00,64
3.csv,7/31/2022 15:00,64.9
3.csv,7/31/2022 16:00,65
3.csv,7/31/2022 17:00,64.1
3.csv,7/31/2022 18:00,64.6
3.csv,7/31/2022 19:00,65.3
3.csv,7/31/2022 20:00,64.6
3.csv,7/31/2022 21:00,64.6
3.csv,7/31/2022 22:00,62.4
3.csv,7/31/2022 23:00,61.1
4.csv,8/1/2022 1:00,58.9
4.csv,8/1/2022 2:00,58.2
4.csv,8/1/2022 3:00,57
4.csv,8/1/2022 4:00,56.8
4.csv,8/1/2022 5:00,57
4.csv,8/1/2022 6:00,57.3
4.csv,8/1/2022 7:00,58.1
4.csv,8/1/2022 8:00,59.9
4.csv,8/1/2022 9:00,60.1
4.csv,8/1/2022 10:00,60.3
4.csv,8/1/2022 11:00,62.3
4.csv,8/1/2022 12:00,63
4.csv,8/1/2022 13:00,63.8
4.csv,8/1/2022 14:00,63.8
4.csv,8/1/2022 15:00,63.8
4.csv,8/1/2022 16:00,64.7
4.csv,8/1/2022 17:00,65.3
4.csv,8/1/2022 18:00,66.1
4.csv,8/1/2022 19:00,65.6
4.csv,8/1/2022 20:00,64.5
4.csv,8/1/2022 21:00,64.5
4.csv,8/1/2022 22:00,62.3
4.csv,8/1/2022 23:00,60.5
4.csv,8/2/2022 0:00,59.9
4.csv,8/2/2022 1:00,57.9
4.csv,8/2/2022 2:00,55.9
4.csv,8/2/2022 3:00,52.7
4.csv,8/2/2022 4:00,54.1
4.csv,8/2/2022 5:00,54.8
4.csv,8/2/2022 6:00,58.6
4.csv,8/2/2022 7:00,61.9
4.csv,8/2/2022 8:00,64.7
4.csv,8/2/2022 9:00,65.4
4.csv,8/2/2022 10:00,64.8
4.csv,8/2/2022 11:00,64.1
4.csv,8/2/2022 12:00,63.4
4.csv,8/2/2022 13:00,64.2
4.csv,8/2/2022 14:00,63.7
4.csv,8/2/2022 15:00,63.4
4.csv,8/2/2022 16:00,63.1
4.csv,8/2/2022 17:00,63
4.csv,8/2/2022 18:00,63.7
4.csv,8/2/2022 19:00,63.4
4.csv,8/2/2022 20:00,62.9
4.csv,8/2/2022 21:00,63.1
4.csv,8/2/2022 22:00,62
4.csv,8/2/2022 23:00,61.4
4.csv,8/3/2022 0:00,58.6
4.csv,8/3/2022 1:00,56.7
4.csv,8/3/2022 2:00,54.3
4.csv,8/3/2022 3:00,53.9
4.csv,8/3/2022 4:00,53.7
4.csv,8/3/2022 5:00,55.6
4.csv,8/3/2022 6:00,58.6
4.csv,8/3/2022 7:00,62
4.csv,8/3/2022 8:00,64.1
4.csv,8/3/2022 9:00,63.9
4.csv,8/3/2022 10:00,63.1
4.csv,8/3/2022 11:00,62.6
4.csv,8/3/2022 12:00,62.2
4.csv,8/3/2022 13:00,62.1
4.csv,8/3/2022 14:00,62.3
4.csv,8/3/2022 15:00,63.1
4.csv,8/3/2022 16:00,63.1
4.csv,8/3/2022 17:00,63.7
4.csv,8/3/2022 18:00,64.6
4.csv,8/3/2022 19:00,64
4.csv,8/3/2022 20:00,63.5
4.csv,8/3/2022 21:00,62.6
4.csv,8/3/2022 22:00,62.3
4.csv,8/3/2022 23:00,62.3
4.csv,8/4/2022 0:00,61.2
4.csv,8/4/2022 1:00,57.3
4.csv,8/4/2022 2:00,54.3
4.csv,8/4/2022 3:00,56.6
4.csv,8/4/2022 4:00,53.8
4.csv,8/4/2022 5:00,54
4.csv,8/4/2022 6:00,58.8
4.csv,8/4/2022 7:00,63.1
4.csv,8/4/2022 8:00,66.4
4.csv,8/4/2022 9:00,64
4.csv,8/4/2022 10:00,62.9
4.csv,8/4/2022 11:00,62.5
4.csv,8/4/2022 12:00,64.1
4.csv,8/4/2022 13:00,62.9
4.csv,8/4/2022 14:00,62.6
4.csv,8/4/2022 15:00,62.5
4.csv,8/4/2022 16:00,63.4
4.csv,8/4/2022 17:00,64.2
4.csv,8/4/2022 18:00,65.4
4.csv,8/4/2022 19:00,64.3
4.csv,8/4/2022 20:00,64
4.csv,8/4/2022 21:00,63.6
4.csv,8/4/2022 22:00,63.6
4.csv,8/4/2022 23:00,61.3
4.csv,8/5/2022 0:00,60.1
4.csv,8/5/2022 1:00,58.2
4.csv,8/5/2022 2:00,54.9
4.csv,8/5/2022 3:00,55.2
4.csv,8/5/2022 4:00,54.9
4.csv,8/5/2022 5:00,56.2
4.csv,8/5/2022 6:00,59.5
4.csv,8/5/2022 7:00,62.8
4.csv,8/5/2022 8:00,64.4
4.csv,8/5/2022 9:00,65.2
4.csv,8/5/2022 10:00,66.3
4.csv,8/5/2022 11:00,62.5
4.csv,8/5/2022 12:00,63.8
4.csv,8/5/2022 13:00,63.6
4.csv,8/5/2022 14:00,63.9
4.csv,8/5/2022 15:00,63.1
4.csv,8/5/2022 16:00,63.6
4.csv,8/5/2022 17:00,63.8
4.csv,8/5/2022 18:00,63.4
4.csv,8/5/2022 19:00,64.2
4.csv,8/5/2022 20:00,63.7
4.csv,8/5/2022 21:00,63.7
4.csv,8/5/2022 22:00,62.7
4.csv,8/5/2022 23:00,61.5
4.csv,8/6/2022 0:00,60.7
4.csv,8/6/2022 1:00,58.1
4.csv,8/6/2022 2:00,58
4.csv,8/6/2022 3:00,57.3
4.csv,8/6/2022 4:00,58.4
4.csv,8/6/2022 5:00,56.7
4.csv,8/6/2022 6:00,56.6
4.csv,8/6/2022 7:00,59.4
4.csv,8/6/2022 8:00,61.4
4.csv,8/6/2022 9:00,61.3
4.csv,8/6/2022 10:00,62.2
4.csv,8/6/2022 11:00,62.1
4.csv,8/6/2022 12:00,62.5
4.csv,8/6/2022 13:00,62.2
4.csv,8/6/2022 14:00,63.1
4.csv,8/6/2022 15:00,63
4.csv,8/6/2022 16:00,62.8
4.csv,8/6/2022 17:00,63.2
4.csv,8/6/2022 18:00,64.2
4.csv,8/6/2022 19:00,62.7
4.csv,8/6/2022 20:00,62.7
4.csv,8/6/2022 21:00,62.4
4.csv,8/6/2022 22:00,61.6
4.csv,8/6/2022 23:00,64.9
4.csv,8/7/2022 0:00,60
4.csv,8/7/2022 1:00,58.4
4.csv,8/7/2022 2:00,58.4
4.csv,8/7/2022 3:00,58.2
4.csv,8/7/2022 4:00,57.4
4.csv,8/7/2022 5:00,57
4.csv,8/7/2022 6:00,56.6
4.csv,8/7/2022 7:00,59
4.csv,8/7/2022 8:00,59.8
4.csv,8/7/2022 9:00,59.6
4.csv,8/7/2022 10:00,60.5
4.csv,8/7/2022 11:00,61.4
4.csv,8/7/2022 12:00,61.7
4.csv,8/7/2022 13:00,62.2
4.csv,8/7/2022 14:00,62
4.csv,8/7/2022 15:00,61.9
4.csv,8/7/2022 16:00,61.5
4.csv,8/7/2022 17:00,61.3
4.csv,8/7/2022 18:00,62.3
4.csv,8/7/2022 19:00,62.8
4.csv,8/7/2022 20:00,62.9
4.csv,8/7/2022 21:00,62.4
4.csv,8/7/2022 22:00,62.1
4.csv,8/7/2022 23:00,59.7
4.csv,8/8/2022 0:00,58.7
4.csv,8/8/2022 1:00,57.5
4.csv,8/8/2022 2:00,55.2
4.csv,8/8/2022 3:00,54
4.csv,8/8/2022 4:00,53.5
4.csv,8/8/2022 5:00,56
4.csv,8/8/2022 6:00,58.7
4.csv,8/8/2022 7:00,62.7
4.csv,8/8/2022 8:00,64.8
4.csv,8/8/2022 9:00,63.7
4.csv,8/8/2022 10:00,62.9
4.csv,8/8/2022 11:00,62.1
4.csv,8/8/2022 12:00,62.4
4.csv,8/8/2022 13:00,64.3
4.csv,8/8/2022 14:00,63.5
4.csv,8/8/2022 15:00,64.4
4.csv,8/8/2022 16:00,64.4
4.csv,8/8/2022 17:00,65.5
4.csv,8/8/2022 18:00,65.3
4.csv,8/8/2022 19:00,65.3
4.csv,8/8/2022 20:00,64.3
4.csv,8/8/2022 21:00,63.6
4.csv,8/8/2022 22:00,64.3
4.csv,8/8/2022 23:00,60.6
4.csv,8/9/2022 0:00,60.6
4.csv,8/9/2022 1:00,57
4.csv,8/9/2022 2:00,55.7
4.csv,8/9/2022 3:00,54
4.csv,8/9/2022 4:00,52.6
4.csv,8/9/2022 5:00,55.1
4.csv,8/9/2022 6:00,58.8
4.csv,8/9/2022 7:00,62.1
4.csv,8/9/2022 8:00,67.8
4.csv,8/9/2022 9:00,63.7
4.csv,8/9/2022 10:00,63.2
4.csv,8/9/2022 11:00,62.1
4.csv,8/9/2022 12:00,62.4
4.csv,8/9/2022 13:00,62.6
4.csv,8/9/2022 14:00,63.6
4.csv,8/9/2022 15:00,63.5
4.csv,8/9/2022 16:00,64.1
4.csv,8/9/2022 17:00,64.8
4.csv,8/9/2022 18:00,64.9
4.csv,8/9/2022 19:00,64.7
4.csv,8/9/2022 20:00,63.8
4.csv,8/9/2022 21:00,64.5
4.csv,8/9/2022 22:00,63
4.csv,8/9/2022 23:00,60.4
4.csv,8/10/2022 0:00,59.3
4.csv,8/10/2022 1:00,57.5
4.csv,8/10/2022 2:00,54.6
4.csv,8/10/2022 3:00,52.9
4.csv,8/10/2022 4:00,53
4.csv,8/10/2022 5:00,54.3
4.csv,8/10/2022 6:00,58.5
4.csv,8/10/2022 7:00,62.7
4.csv,8/10/2022 8:00,64.2
4.csv,8/10/2022 9:00,63.6
4.csv,8/10/2022 10:00,63
4.csv,8/10/2022 11:00,61.8
4.csv,8/10/2022 12:00,61.5
4.csv,8/10/2022 13:00,62.1
4.csv,8/10/2022 14:00,63.3
4.csv,8/10/2022 15:00,63.3
4.csv,8/10/2022 16:00,64
4.csv,8/10/2022 17:00,64.7
4.csv,8/10/2022 18:00,64.9
4.csv,8/10/2022 19:00,64.9
4.csv,8/10/2022 20:00,64.8
4.csv,8/10/2022 21:00,63.5
4.csv,8/10/2022 22:00,62.8
4.csv,8/10/2022 23:00,61.1
4.csv,8/11/2022 0:00,59.5
4.csv,8/11/2022 1:00,57.4
4.csv,8/11/2022 2:00,54.6
4.csv,8/11/2022 3:00,53.2
4.csv,8/11/2022 4:00,54.5
4.csv,8/11/2022 5:00,55
4.csv,8/11/2022 6:00,58.9
4.csv,8/11/2022 7:00,62.6
4.csv,8/11/2022 8:00,64.5
4.csv,8/11/2022 9:00,63.6
4.csv,8/11/2022 10:00,63
4.csv,8/11/2022 11:00,62.6
4.csv,8/11/2022 12:00,63.9
4.csv,8/11/2022 13:00,62.6
4.csv,8/11/2022 14:00,63
4.csv,8/11/2022 15:00,62.7
4.csv,8/11/2022 16:00,63.8
4.csv,8/11/2022 17:00,64.7
4.csv,8/11/2022 18:00,64.5
4.csv,8/11/2022 19:00,64.7
4.csv,8/11/2022 20:00,63.5
4.csv,8/11/2022 21:00,63.5
4.csv,8/11/2022 22:00,63.6
4.csv,8/11/2022 23:00,59.8
4.csv,8/12/2022 0:00,59.6
4.csv,8/12/2022 1:00,58.4
4.csv,8/12/2022 2:00,56.4
4.csv,8/12/2022 3:00,55
4.csv,8/12/2022 4:00,55.5
4.csv,8/12/2022 5:00,56.4
4.csv,8/12/2022 6:00,59
4.csv,8/12/2022 7:00,63
4.csv,8/12/2022 8:00,64.8
4.csv,8/12/2022 9:00,64
4.csv,8/12/2022 10:00,63.5
4.csv,8/12/2022 11:00,63.2
4.csv,8/12/2022 12:00,63.8
4.csv,8/12/2022 13:00,63.5
4.csv,8/12/2022 14:00,64.1
4.csv,8/12/2022 15:00,64.1
4.csv,8/12/2022 16:00,65.2
4.csv,8/12/2022 17:00,64.5
4.csv,8/12/2022 18:00,64.8
4.csv,8/12/2022 19:00,64.2
4.csv,8/12/2022 20:00,63.8
4.csv,8/12/2022 21:00,63.1
4.csv,8/12/2022 22:00,63.4
4.csv,8/12/2022 23:00,61.6
4.csv,8/13/2022 0:00,60.8
4.csv,8/13/2022 1:00,58.9
4.csv,8/13/2022 2:00,57.6
4.csv,8/13/2022 3:00,56.5
4.csv,8/13/2022 4:00,56.5
4.csv,8/13/2022 5:00,56.3
4.csv,8/13/2022 6:00,56.3
4.csv,8/13/2022 7:00,59.8
4.csv,8/13/2022 8:00,61.3
4.csv,8/13/2022 9:00,62.1
4.csv,8/13/2022 10:00,62.6
4.csv,8/13/2022 11:00,62.7
4.csv,8/13/2022 12:00,63.6
4.csv,8/13/2022 13:00,63.9
4.csv,8/13/2022 14:00,63.7
4.csv,8/13/2022 15:00,63.9
4.csv,8/13/2022 16:00,63.5
4.csv,8/13/2022 17:00,63.3
4.csv,8/13/2022 18:00,63.2
4.csv,8/13/2022 19:00,63.4
4.csv,8/13/2022 20:00,62.3
4.csv,8/13/2022 21:00,62.8
4.csv,8/13/2022 22:00,61.7
4.csv,8/13/2022 23:00,60.8
4.csv,8/14/2022 0:00,60.4
4.csv,8/14/2022 1:00,60.3
4.csv,8/14/2022 2:00,58.1
4.csv,8/14/2022 3:00,57.6
4.csv,8/14/2022 4:00,56.8
4.csv,8/14/2022 5:00,56.7
4.csv,8/14/2022 6:00,56.4
4.csv,8/14/2022 7:00,58.7
4.csv,8/14/2022 8:00,59.8
4.csv,8/14/2022 9:00,61
4.csv,8/14/2022 10:00,61.2
4.csv,8/14/2022 11:00,61.9
4.csv,8/14/2022 12:00,62.5
4.csv,8/14/2022 13:00,62.3
4.csv,8/14/2022 14:00,62.9
4.csv,8/14/2022 15:00,62.8
4.csv,8/14/2022 16:00,63
4.csv,8/14/2022 17:00,63.2
4.csv,8/14/2022 18:00,63.9
4.csv,8/14/2022 19:00,63.6
4.csv,8/14/2022 20:00,63
4.csv,8/14/2022 21:00,62.9
4.csv,8/14/2022 22:00,61.6
4.csv,8/14/2022 23:00,59.9
4.csv,8/15/2022 0:00,59.1
4.csv,8/15/2022 1:00,57.7
4.csv,8/15/2022 2:00,57.1
4.csv,8/15/2022 3:00,55.1
4.csv,8/15/2022 4:00,54.2
4.csv,8/15/2022 5:00,54.5
4.csv,8/15/2022 6:00,58.5
4.csv,8/15/2022 7:00,62.5
4.csv,8/15/2022 8:00,65.8
4.csv,8/15/2022 9:00,66.2
4.csv,8/15/2022 10:00,65.3
4.csv,8/15/2022 11:00,64.4
4.csv,8/15/2022 12:00,62.9
4.csv,8/15/2022 13:00,64
4.csv,8/15/2022 14:00,67.3
4.csv,8/15/2022 15:00,65.6
4.csv,8/15/2022 16:00,65.3
4.csv,8/15/2022 17:00,66.5
4.csv,8/15/2022 18:00,68.2
4.csv,8/15/2022 19:00,66.6
4.csv,8/15/2022 20:00,65.9
4.csv,8/15/2022 21:00,65
4.csv,8/15/2022 22:00,64.7
4.csv,8/15/2022 23:00,61.9
4.csv,8/16/2022 0:00,59.8
4.csv,8/16/2022 1:00,58.3
4.csv,8/16/2022 2:00,56
4.csv,8/16/2022 3:00,54.2
4.csv,8/16/2022 4:00,54.9
4.csv,8/16/2022 5:00,56.3
4.csv,8/16/2022 6:00,58.7
4.csv,8/16/2022 7:00,62.5
4.csv,8/16/2022 8:00,65.3
4.csv,8/16/2022 9:00,65.5
4.csv,8/16/2022 10:00,65.5
4.csv,8/16/2022 11:00,64.6
4.csv,8/16/2022 12:00,63.7
4.csv,8/16/2022 13:00,64.7
4.csv,8/16/2022 14:00,64.9
4.csv,8/16/2022 15:00,65
4.csv,8/16/2022 16:00,64.4
4.csv,8/16/2022 17:00,65.5
4.csv,8/16/2022 18:00,65.8
4.csv,8/16/2022 19:00,65.2
4.csv,8/16/2022 20:00,64.5
4.csv,8/16/2022 21:00,64.5
4.csv,8/16/2022 22:00,62.9
4.csv,8/16/2022 23:00,61.7
4.csv,8/17/2022 0:00,58.7
4.csv,8/17/2022 1:00,57.3
4.csv,8/17/2022 2:00,55.7
4.csv,8/17/2022 3:00,53.3
4.csv,8/17/2022 4:00,53.7
4.csv,8/17/2022 5:00,55.7
4.csv,8/17/2022 6:00,58.1
4.csv,8/17/2022 7:00,62.8
4.csv,8/17/2022 8:00,65.4
4.csv,8/17/2022 9:00,66.1
4.csv,8/17/2022 10:00,65.7
4.csv,8/17/2022 11:00,65.4
4.csv,8/17/2022 12:00,65.9
4.csv,8/17/2022 13:00,66.2
4.csv,8/17/2022 14:00,65.5
4.csv,8/17/2022 15:00,65.4
4.csv,8/17/2022 16:00,65.3
4.csv,8/17/2022 17:00,65.8
4.csv,8/17/2022 18:00,65.9
4.csv,8/17/2022 19:00,66.2
4.csv,8/17/2022 20:00,66.1
4.csv,8/17/2022 21:00,65.6
4.csv,8/17/2022 22:00,63.8
4.csv,8/17/2022 23:00,62.5
4.csv,8/18/2022 0:00,60.4
4.csv,8/18/2022 1:00,58.7
4.csv,8/18/2022 2:00,54.9
4.csv,8/18/2022 3:00,53.2
4.csv,8/18/2022 4:00,54.2
4.csv,8/18/2022 5:00,54.7
4.csv,8/18/2022 6:00,58.1
4.csv,8/18/2022 7:00,62.3
4.csv,8/18/2022 8:00,65.1
4.csv,8/18/2022 9:00,65.1
4.csv,8/18/2022 10:00,64.6
4.csv,8/18/2022 11:00,64.6
4.csv,8/18/2022 12:00,63.6
4.csv,8/18/2022 13:00,63.7
4.csv,8/18/2022 14:00,64.3
4.csv,8/18/2022 15:00,64.7
4.csv,8/18/2022 16:00,64.6
4.csv,8/18/2022 17:00,64.9
4.csv,8/18/2022 18:00,64.9
4.csv,8/18/2022 19:00,63.9
4.csv,8/18/2022 20:00,63.5
4.csv,8/18/2022 21:00,64.2
4.csv,8/18/2022 22:00,62.5
4.csv,8/18/2022 23:00,61
4.csv,8/19/2022 0:00,60.1
4.csv,8/19/2022 1:00,57
4.csv,8/19/2022 2:00,57.2
4.csv,8/19/2022 3:00,55.5
4.csv,8/19/2022 4:00,55
4.csv,8/19/2022 5:00,56.7
4.csv,8/19/2022 6:00,58.8
4.csv,8/19/2022 7:00,62
4.csv,8/19/2022 8:00,64.6
4.csv,8/19/2022 9:00,64.2
4.csv,8/19/2022 10:00,63.3
4.csv,8/19/2022 11:00,63.2
4.csv,8/19/2022 12:00,63.6
4.csv,8/19/2022 13:00,63.6
4.csv,8/19/2022 14:00,63.5
4.csv,8/19/2022 15:00,63.4
4.csv,8/19/2022 16:00,63.9
4.csv,8/19/2022 17:00,64.4
4.csv,8/19/2022 18:00,63.9
4.csv,8/19/2022 19:00,64.2
4.csv,8/19/2022 20:00,63.7
4.csv,8/19/2022 21:00,63.4
4.csv,8/19/2022 22:00,62.6
4.csv,8/19/2022 23:00,62.5
4.csv,8/20/2022 0:00,60.9
4.csv,8/20/2022 1:00,59.5
4.csv,8/20/2022 2:00,57.4
4.csv,8/20/2022 3:00,57.7
4.csv,8/20/2022 4:00,57.6
4.csv,8/20/2022 5:00,57.1
4.csv,8/20/2022 6:00,55.8
4.csv,8/20/2022 7:00,59.3
4.csv,8/20/2022 8:00,61.1
4.csv,8/20/2022 9:00,62
4.csv,8/20/2022 10:00,62.7
4.csv,8/20/2022 11:00,62.5
4.csv,8/20/2022 12:00,63.3
4.csv,8/20/2022 13:00,63.1
4.csv,8/20/2022 14:00,63.2
4.csv,8/20/2022 15:00,62.8
4.csv,8/20/2022 16:00,62.5
4.csv,8/20/2022 17:00,62.8
4.csv,8/20/2022 18:00,62.9
4.csv,8/20/2022 19:00,63.3
4.csv,8/20/2022 20:00,63.8
4.csv,8/20/2022 21:00,62.8
4.csv,8/20/2022 22:00,61.9
4.csv,8/20/2022 23:00,60.5
4.csv,8/21/2022 0:00,59.9
4.csv,8/21/2022 1:00,58.5
4.csv,8/21/2022 2:00,58
4.csv,8/21/2022 3:00,57.2
4.csv,8/21/2022 4:00,57
4.csv,8/21/2022 5:00,57.3
4.csv,8/21/2022 6:00,57.7
4.csv,8/21/2022 7:00,59.7
4.csv,8/21/2022 8:00,61.1
4.csv,8/21/2022 9:00,60.5
4.csv,8/21/2022 10:00,60.7
4.csv,8/21/2022 11:00,61.6
4.csv,8/21/2022 12:00,61.6
4.csv,8/21/2022 13:00,62.2
4.csv,8/21/2022 14:00,62.9
4.csv,8/21/2022 15:00,63.8
4.csv,8/21/2022 16:00,64.2
4.csv,8/21/2022 17:00,64.7
4.csv,8/21/2022 18:00,64
4.csv,8/21/2022 19:00,64.2
4.csv,8/21/2022 20:00,64.5
4.csv,8/21/2022 21:00,64.2
4.csv,8/21/2022 22:00,62.8
4.csv,8/21/2022 23:00,61
4.csv,8/22/2022 0:00,59.6
4.csv,8/22/2022 1:00,58.7
4.csv,8/22/2022 2:00,57.4
4.csv,8/22/2022 3:00,53.7
4.csv,8/22/2022 4:00,54.2
4.csv,8/22/2022 5:00,55.8
4.csv,8/22/2022 6:00,58.5
4.csv,8/22/2022 7:00,62.5
4.csv,8/22/2022 8:00,64.9
4.csv,8/22/2022 9:00,68.7
4.csv,8/22/2022 10:00,64.8
4.csv,8/22/2022 11:00,63.6
4.csv,8/22/2022 12:00,63.5
4.csv,8/22/2022 13:00,63.6
4.csv,8/22/2022 14:00,62.7
4.csv,8/22/2022 15:00,62.5
4.csv,8/22/2022 16:00,62.4
4.csv,8/22/2022 17:00,63.2
4.csv,8/22/2022 18:00,64.5
4.csv,8/22/2022 19:00,64.5
4.csv,8/22/2022 20:00,64.3
4.csv,8/22/2022 21:00,63.2
4.csv,8/22/2022 22:00,61.1
4.csv,8/22/2022 23:00,60.2
4.csv,8/23/2022 0:00,59.9
4.csv,8/23/2022 1:00,57.2
4.csv,8/23/2022 2:00,54
4.csv,8/23/2022 3:00,52.6
4.csv,8/23/2022 4:00,52.5
4.csv,8/23/2022 5:00,54.7
4.csv,8/23/2022 6:00,57.8
4.csv,8/23/2022 7:00,61.5
4.csv,8/23/2022 8:00,64.5
4.csv,8/23/2022 9:00,64.3
4.csv,8/23/2022 10:00,63.9
4.csv,8/23/2022 11:00,63.1
4.csv,8/23/2022 12:00,62.3
4.csv,8/23/2022 13:00,62.5
4.csv,8/23/2022 14:00,63.2
4.csv,8/23/2022 15:00,63.5
4.csv,8/23/2022 16:00,63.4
4.csv,8/23/2022 17:00,65.9
4.csv,8/23/2022 18:00,64.1
4.csv,8/23/2022 19:00,64.2
4.csv,8/23/2022 20:00,63.7
4.csv,8/23/2022 21:00,63.3
4.csv,8/23/2022 22:00,61.4
4.csv,8/23/2022 23:00,60.4
4.csv,8/24/2022 0:00,58.9
4.csv,8/24/2022 1:00,57.2
4.csv,8/24/2022 2:00,57.3
4.csv,8/24/2022 3:00,54.3
4.csv,8/24/2022 4:00,53.8
4.csv,8/24/2022 5:00,55
4.csv,8/24/2022 6:00,59.4
4.csv,8/24/2022 7:00,62.5
4.csv,8/24/2022 8:00,65.4
4.csv,8/24/2022 9:00,65
4.csv,8/24/2022 10:00,65
4.csv,8/24/2022 11:00,64
4.csv,8/24/2022 12:00,63.5
4.csv,8/24/2022 13:00,63.5
4.csv,8/24/2022 14:00,63.8
4.csv,8/24/2022 15:00,63.7
4.csv,8/24/2022 16:00,64
4.csv,8/24/2022 17:00,65.2
4.csv,8/24/2022 18:00,64.9
4.csv,8/24/2022 19:00,64.7
4.csv,8/24/2022 20:00,63.9
4.csv,8/24/2022 21:00,63.5
4.csv,8/24/2022 22:00,61.9
4.csv,8/24/2022 23:00,60.9
4.csv,8/25/2022 0:00,60.5
4.csv,8/25/2022 1:00,58
4.csv,8/25/2022 2:00,55.3
4.csv,8/25/2022 3:00,52.8
4.csv,8/25/2022 4:00,54.9
4.csv,8/25/2022 5:00,56.6
4.csv,8/25/2022 6:00,57.9
4.csv,8/25/2022 7:00,62.2
4.csv,8/25/2022 8:00,65.4
4.csv,8/25/2022 9:00,64.8
4.csv,8/25/2022 10:00,64
4.csv,8/25/2022 11:00,62.5
4.csv,8/25/2022 12:00,62.3
4.csv,8/25/2022 13:00,61.8
4.csv,8/25/2022 14:00,62.7
4.csv,8/25/2022 15:00,62.7
4.csv,8/25/2022 16:00,62.8
4.csv,8/25/2022 17:00,63.6
4.csv,8/25/2022 18:00,64.8
4.csv,8/25/2022 19:00,64.9
4.csv,8/25/2022 20:00,64.7
4.csv,8/25/2022 21:00,64.4
4.csv,8/25/2022 22:00,62.2
4.csv,8/25/2022 23:00,60.8
4.csv,8/26/2022 0:00,59.5
4.csv,8/26/2022 1:00,57.5
4.csv,8/26/2022 2:00,55.8
4.csv,8/26/2022 3:00,56.3
4.csv,8/26/2022 4:00,54.8
4.csv,8/26/2022 5:00,56
4.csv,8/26/2022 6:00,57.8
4.csv,8/26/2022 7:00,62
4.csv,8/26/2022 8:00,64.5
4.csv,8/26/2022 9:00,65.1
4.csv,8/26/2022 10:00,65.1
4.csv,8/26/2022 11:00,64.4
4.csv,8/26/2022 12:00,65.5
4.csv,8/26/2022 13:00,64.7
4.csv,8/26/2022 14:00,65.4
4.csv,8/26/2022 15:00,65.6
4.csv,8/26/2022 16:00,65.5
4.csv,8/26/2022 17:00,65.5
4.csv,8/26/2022 18:00,65.3
4.csv,8/26/2022 19:00,65.1
4.csv,8/26/2022 20:00,64.8
4.csv,8/26/2022 21:00,64.6
4.csv,8/26/2022 22:00,63.1
4.csv,8/26/2022 23:00,62.5
4.csv,8/27/2022 0:00,61.8
4.csv,8/27/2022 1:00,59.8
4.csv,8/27/2022 2:00,58.7
4.csv,8/27/2022 3:00,58.5
4.csv,8/27/2022 4:00,58.7
4.csv,8/27/2022 5:00,58.1
4.csv,8/27/2022 6:00,57.8
4.csv,8/27/2022 7:00,60.3
4.csv,8/27/2022 8:00,62.5
4.csv,8/27/2022 9:00,62.2
4.csv,8/27/2022 10:00,63.3
4.csv,8/27/2022 11:00,62.7
4.csv,8/27/2022 12:00,63.9
4.csv,8/27/2022 13:00,64.9
4.csv,8/27/2022 14:00,64
4.csv,8/27/2022 15:00,64.7
4.csv,8/27/2022 16:00,64.4
4.csv,8/27/2022 17:00,65.6
4.csv,8/27/2022 18:00,63.5
4.csv,8/27/2022 19:00,63.3
4.csv,8/27/2022 20:00,64.2
4.csv,8/27/2022 21:00,63.9
4.csv,8/27/2022 22:00,62.8
4.csv,8/27/2022 23:00,61.4
4.csv,8/28/2022 0:00,61.4
4.csv,8/28/2022 1:00,59.3
4.csv,8/28/2022 2:00,59.8
4.csv,8/28/2022 3:00,58.3
4.csv,8/28/2022 4:00,58
4.csv,8/28/2022 5:00,57.9
4.csv,8/28/2022 6:00,57.4
4.csv,8/28/2022 7:00,59.1
4.csv,8/28/2022 8:00,61
4.csv,8/28/2022 9:00,61.4
4.csv,8/28/2022 10:00,63.3
4.csv,8/28/2022 11:00,63.7
4.csv,8/28/2022 12:00,63.8
4.csv,8/28/2022 13:00,64.8
4.csv,8/28/2022 14:00,64.8
4.csv,8/28/2022 15:00,65.1
4.csv,8/28/2022 16:00,66.1
4.csv,8/28/2022 17:00,64.6
4.csv,8/28/2022 18:00,64.4
4.csv,8/28/2022 19:00,65
4.csv,8/28/2022 20:00,64
4.csv,8/28/2022 21:00,63.5
4.csv,8/28/2022 22:00,61.7
4.csv,8/28/2022 23:00,62.3
4.csv,8/29/2022 0:00,60.2
4.csv,8/29/2022 1:00,58.2
4.csv,8/29/2022 2:00,55.6
4.csv,8/29/2022 3:00,53.9
4.csv,8/29/2022 4:00,53.3
4.csv,8/29/2022 5:00,55.3
4.csv,8/29/2022 6:00,59.7
4.csv,8/29/2022 7:00,63.5
4.csv,8/29/2022 8:00,65.7
4.csv,8/29/2022 9:00,65.7
4.csv,8/29/2022 10:00,64.7
4.csv,8/29/2022 11:00,64.2
4.csv,8/29/2022 12:00,64
4.csv,8/29/2022 13:00,63.6
4.csv,8/29/2022 14:00,64
4.csv,8/29/2022 15:00,64.8
4.csv,8/29/2022 16:00,65.1
4.csv,8/29/2022 17:00,65.9
4.csv,8/29/2022 18:00,66.3
4.csv,8/29/2022 19:00,66.6
4.csv,8/29/2022 20:00,66.1
4.csv,8/29/2022 21:00,64.8
4.csv,8/29/2022 22:00,62.9
4.csv,8/29/2022 23:00,61.8
4.csv,8/30/2022 0:00,59.6
4.csv,8/30/2022 1:00,57
4.csv,8/30/2022 2:00,54.7
4.csv,8/30/2022 3:00,52.9
4.csv,8/30/2022 4:00,53.3
4.csv,8/30/2022 5:00,55.4
4.csv,8/30/2022 6:00,59.4
4.csv,8/30/2022 7:00,63.3
4.csv,8/30/2022 8:00,66
4.csv,8/30/2022 9:00,65.8
4.csv,8/30/2022 10:00,64.8
4.csv,8/30/2022 11:00,66.3
4.csv,8/30/2022 12:00,64
4.csv,8/30/2022 13:00,64.7
4.csv,8/30/2022 14:00,64.7
4.csv,8/30/2022 15:00,64.6
4.csv,8/30/2022 16:00,65.3
4.csv,8/30/2022 17:00,65.8
4.csv,8/30/2022 18:00,66.3
4.csv,8/30/2022 19:00,66.2
4.csv,8/30/2022 20:00,66
4.csv,8/30/2022 21:00,65.2
4.csv,8/30/2022 22:00,62.7
4.csv,8/30/2022 23:00,61.9
4.csv,8/31/2022 0:00,59.8
4.csv,8/31/2022 1:00,57.5
4.csv,8/31/2022 2:00,55.3
4.csv,8/31/2022 3:00,53.5
4.csv,8/31/2022 4:00,53.7
4.csv,8/31/2022 5:00,55.3
4.csv,8/31/2022 6:00,59.7
4.csv,8/31/2022 7:00,63.6
4.csv,8/31/2022 8:00,65.3
4.csv,8/31/2022 9:00,65.9
4.csv,8/31/2022 10:00,65.9
4.csv,8/31/2022 11:00,64.9
4.csv,8/31/2022 12:00,64
4.csv,8/31/2022 13:00,63.7
4.csv,8/31/2022 14:00,65.4
4.csv,8/31/2022 15:00,65.5
4.csv,8/31/2022 16:00,65.3
4.csv,8/31/2022 17:00,65.9
4.csv,8/31/2022 18:00,66.1
4.csv,8/31/2022 19:00,66.9
4.csv,8/31/2022 20:00,65.9
4.csv,8/31/2022 21:00,65.8
4.csv,8/31/2022 22:00,63.4
4.csv,8/31/2022 23:00,61.7
5.csv,9/1/2022 1:00,58.6
5.csv,9/1/2022 2:00,55.5
5.csv,9/1/2022 3:00,54.9
5.csv,9/1/2022 4:00,54.6
5.csv,9/1/2022 5:00,55.9
5.csv,9/1/2022 6:00,59.6
5.csv,9/1/2022 7:00,63.1
5.csv,9/1/2022 8:00,65.9
5.csv,9/1/2022 9:00,66.1
5.csv,9/1/2022 10:00,66.7
5.csv,9/1/2022 11:00,64.8
5.csv,9/1/2022 12:00,65.3
5.csv,9/1/2022 13:00,65.1
5.csv,9/1/2022 14:00,65
5.csv,9/1/2022 15:00,65.4
5.csv,9/1/2022 16:00,66
5.csv,9/1/2022 17:00,65.5
5.csv,9/1/2022 18:00,65.2
5.csv,9/1/2022 19:00,64.7
5.csv,9/1/2022 20:00,65.1
5.csv,9/1/2022 21:00,63.9
5.csv,9/1/2022 22:00,62
5.csv,9/1/2022 23:00,60.6
5.csv,9/2/2022 0:00,59.7
5.csv,9/2/2022 1:00,57.8
5.csv,9/2/2022 2:00,54
5.csv,9/2/2022 3:00,53.7
5.csv,9/2/2022 4:00,55.2
5.csv,9/2/2022 5:00,55.3
5.csv,9/2/2022 6:00,57.8
5.csv,9/2/2022 7:00,62.2
5.csv,9/2/2022 8:00,64.5
5.csv,9/2/2022 9:00,65.5
5.csv,9/2/2022 10:00,65.3
5.csv,9/2/2022 11:00,64.2
5.csv,9/2/2022 12:00,63.4
5.csv,9/2/2022 13:00,64
5.csv,9/2/2022 14:00,64.7
5.csv,9/2/2022 15:00,66.2
5.csv,9/2/2022 16:00,66.9
5.csv,9/2/2022 17:00,66.9
5.csv,9/2/2022 18:00,66.5
5.csv,9/2/2022 19:00,66.2
5.csv,9/2/2022 20:00,65.6
5.csv,9/2/2022 21:00,63.7
5.csv,9/2/2022 22:00,62.8
5.csv,9/2/2022 23:00,61.8
5.csv,9/3/2022 0:00,60.7
5.csv,9/3/2022 1:00,61.5
5.csv,9/3/2022 2:00,57.2
5.csv,9/3/2022 3:00,56.6
5.csv,9/3/2022 4:00,57.7
5.csv,9/3/2022 5:00,57.5
5.csv,9/3/2022 6:00,59.8
5.csv,9/3/2022 7:00,61.2
5.csv,9/3/2022 8:00,63.2
5.csv,9/3/2022 9:00,65
5.csv,9/3/2022 10:00,67.5
5.csv,9/3/2022 11:00,67.4
5.csv,9/3/2022 12:00,67.3
5.csv,9/3/2022 13:00,68.3
5.csv,9/3/2022 14:00,68.7
5.csv,9/3/2022 15:00,68.5
5.csv,9/3/2022 16:00,68.9
5.csv,9/3/2022 17:00,69.1
5.csv,9/3/2022 18:00,69.1
5.csv,9/3/2022 19:00,68.9
5.csv,9/3/2022 20:00,66.4
5.csv,9/3/2022 21:00,65.7
5.csv,9/3/2022 22:00,64.1
5.csv,9/3/2022 23:00,63.1
5.csv,9/4/2022 0:00,62.1
5.csv,9/4/2022 1:00,60.6
5.csv,9/4/2022 2:00,61.5
5.csv,9/4/2022 3:00,62.9
5.csv,9/4/2022 4:00,64.1
5.csv,9/4/2022 5:00,63.7
5.csv,9/4/2022 6:00,58.3
5.csv,9/4/2022 7:00,60
5.csv,9/4/2022 8:00,63.2
5.csv,9/4/2022 9:00,63.6
5.csv,9/4/2022 10:00,65
5.csv,9/4/2022 11:00,65.8
5.csv,9/4/2022 12:00,64.9
5.csv,9/4/2022 13:00,64.2
5.csv,9/4/2022 14:00,65.2
5.csv,9/4/2022 15:00,65.9
5.csv,9/4/2022 16:00,65.7
5.csv,9/4/2022 17:00,66.7
5.csv,9/4/2022 18:00,65.7
5.csv,9/4/2022 19:00,65.2
5.csv,9/4/2022 20:00,65.1
5.csv,9/4/2022 21:00,64.2
5.csv,9/4/2022 22:00,63
5.csv,9/4/2022 23:00,61.8
5.csv,9/5/2022 0:00,60.7
5.csv,9/5/2022 1:00,59.6
5.csv,9/5/2022 2:00,58.6
5.csv,9/5/2022 3:00,55.9
5.csv,9/5/2022 4:00,54.8
5.csv,9/5/2022 5:00,55.3
5.csv,9/5/2022 6:00,59.8
5.csv,9/5/2022 7:00,63.7
5.csv,9/5/2022 8:00,66.4
5.csv,9/5/2022 9:00,66.5
5.csv,9/5/2022 10:00,66.1
5.csv,9/5/2022 11:00,65
5.csv,9/5/2022 12:00,65.3
5.csv,9/5/2022 13:00,68.2
5.csv,9/5/2022 14:00,66.3
5.csv,9/5/2022 15:00,66.9
5.csv,9/5/2022 16:00,66.9
5.csv,9/5/2022 17:00,67.6
5.csv,9/5/2022 18:00,68.8
5.csv,9/5/2022 19:00,68.6
5.csv,9/5/2022 20:00,67.4
5.csv,9/5/2022 21:00,65.8
5.csv,9/5/2022 22:00,64.7
5.csv,9/5/2022 23:00,62.2
5.csv,9/6/2022 0:00,60.2
5.csv,9/6/2022 1:00,58.2
5.csv,9/6/2022 2:00,57.7
5.csv,9/6/2022 3:00,55.9
5.csv,9/6/2022 4:00,55.1
5.csv,9/6/2022 5:00,57.4
5.csv,9/6/2022 6:00,61.4
5.csv,9/6/2022 7:00,64.7
5.csv,9/6/2022 8:00,66.9
5.csv,9/6/2022 9:00,67
5.csv,9/6/2022 10:00,67.1
5.csv,9/6/2022 11:00,67
5.csv,9/6/2022 12:00,66.4
5.csv,9/6/2022 13:00,67.3
5.csv,9/6/2022 14:00,69.1
5.csv,9/6/2022 15:00,68.7
5.csv,9/6/2022 16:00,68.5
5.csv,9/6/2022 17:00,68.5
5.csv,9/6/2022 18:00,68.2
5.csv,9/6/2022 19:00,67.3
5.csv,9/6/2022 20:00,66.5
5.csv,9/6/2022 21:00,66.4
5.csv,9/6/2022 22:00,64.6
5.csv,9/6/2022 23:00,63.3
5.csv,9/7/2022 0:00,62.3
5.csv,9/7/2022 1:00,57.4
5.csv,9/7/2022 2:00,60.3
5.csv,9/7/2022 3:00,60.2
5.csv,9/7/2022 4:00,56.3
5.csv,9/7/2022 5:00,58.6
5.csv,9/7/2022 6:00,60.6
5.csv,9/7/2022 7:00,64.5
5.csv,9/7/2022 8:00,69.6
5.csv,9/7/2022 9:00,70.7
5.csv,9/7/2022 10:00,68.8
5.csv,9/7/2022 11:00,67.7
5.csv,9/7/2022 12:00,67.2
5.csv,9/7/2022 13:00,67
5.csv,9/7/2022 14:00,67.5
5.csv,9/7/2022 15:00,67.6
5.csv,9/7/2022 16:00,67.8
5.csv,9/7/2022 17:00,68
5.csv,9/7/2022 18:00,69.4
5.csv,9/7/2022 19:00,67.3
5.csv,9/7/2022 20:00,66.8
5.csv,9/7/2022 21:00,65.9
5.csv,9/7/2022 22:00,65.2
5.csv,9/7/2022 23:00,62.4
5.csv,9/8/2022 0:00,61.2
5.csv,9/8/2022 1:00,58.8
5.csv,9/8/2022 2:00,66.4
5.csv,9/8/2022 3:00,55.3
5.csv,9/8/2022 4:00,56.5
5.csv,9/8/2022 5:00,57.4
5.csv,9/8/2022 6:00,60.3
5.csv,9/8/2022 7:00,64.1
5.csv,9/8/2022 8:00,66.6
5.csv,9/8/2022 9:00,66.9
5.csv,9/8/2022 10:00,67.4
5.csv,9/8/2022 11:00,65.9
5.csv,9/8/2022 12:00,66.5
5.csv,9/8/2022 13:00,66.4
5.csv,9/8/2022 14:00,66.4
5.csv,9/8/2022 15:00,67
5.csv,9/8/2022 16:00,68
5.csv,9/8/2022 17:00,66.9
5.csv,9/8/2022 18:00,66.8
5.csv,9/8/2022 19:00,66.6
5.csv,9/8/2022 20:00,66.3
5.csv,9/8/2022 21:00,65.3
5.csv,9/8/2022 22:00,63.1
5.csv,9/8/2022 23:00,62.4
5.csv,9/9/2022 0:00,60.7
5.csv,9/9/2022 1:00,61.4
5.csv,9/9/2022 2:00,59.5
5.csv,9/9/2022 3:00,56.9
5.csv,9/9/2022 4:00,56.4
5.csv,9/9/2022 5:00,59.2
5.csv,9/9/2022 6:00,60.8
5.csv,9/9/2022 7:00,64.8
5.csv,9/9/2022 8:00,67.5
5.csv,9/9/2022 9:00,67.8
5.csv,9/9/2022 10:00,67.2
5.csv,9/9/2022 11:00,65.6
5.csv,9/9/2022 12:00,65.2
5.csv,9/9/2022 13:00,65.5
5.csv,9/9/2022 14:00,66.2
5.csv,9/9/2022 15:00,66.1
5.csv,9/9/2022 16:00,68.5
5.csv,9/9/2022 17:00,67.3
5.csv,9/9/2022 18:00,66.8
5.csv,9/9/2022 19:00,66.7
5.csv,9/9/2022 20:00,66.9
5.csv,9/9/2022 21:00,65.1
5.csv,9/9/2022 22:00,63.7
5.csv,9/9/2022 23:00,64.6
5.csv,9/10/2022 0:00,65.2
5.csv,9/10/2022 1:00,62.6
5.csv,9/10/2022 2:00,59.3
5.csv,9/10/2022 3:00,58.9
5.csv,9/10/2022 4:00,58.9
5.csv,9/10/2022 5:00,58.4
5.csv,9/10/2022 6:00,58
5.csv,9/10/2022 7:00,61
5.csv,9/10/2022 8:00,62.9
5.csv,9/10/2022 9:00,64.6
5.csv,9/10/2022 10:00,65.3
5.csv,9/10/2022 11:00,65.4
5.csv,9/10/2022 12:00,65.5
5.csv,9/10/2022 13:00,65.5
5.csv,9/10/2022 14:00,65
5.csv,9/10/2022 15:00,64.8
5.csv,9/10/2022 16:00,65.1
5.csv,9/10/2022 17:00,65.6
5.csv,9/10/2022 18:00,65.7
5.csv,9/10/2022 19:00,66.4
5.csv,9/10/2022 20:00,65.8
5.csv,9/10/2022 21:00,64.8
5.csv,9/10/2022 22:00,64.1
5.csv,9/10/2022 23:00,65.2
5.csv,9/11/2022 0:00,65.6
5.csv,9/11/2022 1:00,62.4
5.csv,9/11/2022 2:00,59.7
5.csv,9/11/2022 3:00,58.9
5.csv,9/11/2022 4:00,59.3
5.csv,9/11/2022 5:00,59
5.csv,9/11/2022 6:00,56.8
5.csv,9/11/2022 7:00,59.2
5.csv,9/11/2022 8:00,61
5.csv,9/11/2022 9:00,61.9
5.csv,9/11/2022 10:00,64.1
5.csv,9/11/2022 11:00,65.7
5.csv,9/11/2022 12:00,67.9
5.csv,9/11/2022 13:00,69.3
5.csv,9/11/2022 14:00,69.3
5.csv,9/11/2022 15:00,68.4
5.csv,9/11/2022 16:00,68
5.csv,9/11/2022 17:00,67.2
5.csv,9/11/2022 18:00,66.8
5.csv,9/11/2022 19:00,66.4
5.csv,9/11/2022 20:00,65.4
5.csv,9/11/2022 21:00,64.2
5.csv,9/11/2022 22:00,62.9
5.csv,9/11/2022 23:00,63
5.csv,9/12/2022 0:00,65.2
5.csv,9/12/2022 1:00,61.1
5.csv,9/12/2022 2:00,56.3
5.csv,9/12/2022 3:00,55.6
5.csv,9/12/2022 4:00,54.1
5.csv,9/12/2022 5:00,56.4
5.csv,9/12/2022 6:00,60.9
5.csv,9/12/2022 7:00,63.2
5.csv,9/12/2022 8:00,65.8
5.csv,9/12/2022 9:00,66.4
5.csv,9/12/2022 10:00,66.4
5.csv,9/12/2022 11:00,65.4
5.csv,9/12/2022 12:00,65.6
5.csv,9/12/2022 13:00,65.8
5.csv,9/12/2022 14:00,66.8
5.csv,9/12/2022 15:00,67.1
5.csv,9/12/2022 16:00,67.9
5.csv,9/12/2022 17:00,68.6
5.csv,9/12/2022 18:00,68.3
5.csv,9/12/2022 19:00,68.9
5.csv,9/12/2022 20:00,67.3
5.csv,9/12/2022 21:00,65.3
5.csv,9/12/2022 22:00,64.5
5.csv,9/12/2022 23:00,62
5.csv,9/13/2022 0:00,61.1
5.csv,9/13/2022 1:00,59.4
5.csv,9/13/2022 2:00,57.3
5.csv,9/13/2022 3:00,57.6
5.csv,9/13/2022 4:00,57.7
5.csv,9/13/2022 5:00,58.1
5.csv,9/13/2022 6:00,61
5.csv,9/13/2022 7:00,64.2
5.csv,9/13/2022 8:00,67.1
5.csv,9/13/2022 9:00,67.1
5.csv,9/13/2022 10:00,67
5.csv,9/13/2022 11:00,65.6
5.csv,9/13/2022 12:00,65.8
5.csv,9/13/2022 13:00,65.6
5.csv,9/13/2022 14:00,65.6
5.csv,9/13/2022 15:00,65.3
5.csv,9/13/2022 16:00,65.6
5.csv,9/13/2022 17:00,65.7
5.csv,9/13/2022 18:00,66.5
5.csv,9/13/2022 19:00,66.4
5.csv,9/13/2022 20:00,65.5
5.csv,9/13/2022 21:00,65.3
5.csv,9/13/2022 22:00,63.9
5.csv,9/13/2022 23:00,63.4
5.csv,9/14/2022 0:00,60.7
5.csv,9/14/2022 1:00,58.5
5.csv,9/14/2022 2:00,57.3
5.csv,9/14/2022 3:00,55.9
5.csv,9/14/2022 4:00,55.7
5.csv,9/14/2022 5:00,57.3
5.csv,9/14/2022 6:00,59.6
5.csv,9/14/2022 7:00,63.3
5.csv,9/14/2022 8:00,65.8
5.csv,9/14/2022 9:00,66.5
5.csv,9/14/2022 10:00,66.2
5.csv,9/14/2022 11:00,65.3
5.csv,9/14/2022 12:00,65
5.csv,9/14/2022 13:00,64.9
5.csv,9/14/2022 14:00,65.2
5.csv,9/14/2022 15:00,65.8
5.csv,9/14/2022 16:00,65.6
5.csv,9/14/2022 17:00,65.5
5.csv,9/14/2022 18:00,66.5
5.csv,9/14/2022 19:00,65.8
5.csv,9/14/2022 20:00,65.6
5.csv,9/14/2022 21:00,64.2
5.csv,9/14/2022 22:00,63.8
5.csv,9/14/2022 23:00,62.5
5.csv,9/15/2022 0:00,61.2
5.csv,9/15/2022 1:00,58.4
5.csv,9/15/2022 2:00,55.5
5.csv,9/15/2022 3:00,55.3
5.csv,9/15/2022 4:00,55.5
5.csv,9/15/2022 5:00,56.1
5.csv,9/15/2022 6:00,59.3
5.csv,9/15/2022 7:00,63.7
5.csv,9/15/2022 8:00,66
5.csv,9/15/2022 9:00,66.6
5.csv,9/15/2022 10:00,66.1
5.csv,9/15/2022 11:00,64.2
5.csv,9/15/2022 12:00,64.6
5.csv,9/15/2022 13:00,64.3
5.csv,9/15/2022 14:00,64.3
5.csv,9/15/2022 15:00,64.1
5.csv,9/15/2022 16:00,64.5
5.csv,9/15/2022 17:00,63.2
5.csv,9/15/2022 18:00,65
5.csv,9/15/2022 19:00,65.7
5.csv,9/15/2022 20:00,65.4
5.csv,9/15/2022 21:00,65
5.csv,9/15/2022 22:00,70.3
5.csv,9/15/2022 23:00,61.5
5.csv,9/16/2022 0:00,62.4
5.csv,9/16/2022 1:00,59.2
5.csv,9/16/2022 2:00,57.7
5.csv,9/16/2022 3:00,57.6
5.csv,9/16/2022 4:00,56.7
5.csv,9/16/2022 5:00,58.9
5.csv,9/16/2022 6:00,60.4
5.csv,9/16/2022 7:00,64.2
5.csv,9/16/2022 8:00,66.4
5.csv,9/16/2022 9:00,66.8
5.csv,9/16/2022 10:00,65.8
5.csv,9/16/2022 11:00,64.4
5.csv,9/16/2022 12:00,64.4
5.csv,9/16/2022 13:00,64.8
5.csv,9/16/2022 14:00,65.1
5.csv,9/16/2022 15:00,65.5
5.csv,9/16/2022 16:00,65.9
5.csv,9/16/2022 17:00,65.9
5.csv,9/16/2022 18:00,65.8
5.csv,9/16/2022 19:00,65.9
5.csv,9/16/2022 20:00,66.1
5.csv,9/16/2022 21:00,64.5
5.csv,9/16/2022 22:00,64.4
5.csv,9/16/2022 23:00,65.1
5.csv,9/17/2022 0:00,66.1
5.csv,9/17/2022 1:00,62.4
5.csv,9/17/2022 2:00,60
5.csv,9/17/2022 3:00,58.1
5.csv,9/17/2022 4:00,58.4
5.csv,9/17/2022 5:00,58.2
5.csv,9/17/2022 6:00,57.1
5.csv,9/17/2022 7:00,59.6
5.csv,9/17/2022 8:00,62.5
5.csv,9/17/2022 9:00,63.9
5.csv,9/17/2022 10:00,65
5.csv,9/17/2022 11:00,64.2
5.csv,9/17/2022 12:00,64.6
5.csv,9/17/2022 13:00,65
5.csv,9/17/2022 14:00,64.5
5.csv,9/17/2022 15:00,64.5
5.csv,9/17/2022 16:00,64.2
5.csv,9/17/2022 17:00,64.3
5.csv,9/17/2022 18:00,63.6
5.csv,9/17/2022 19:00,64.9
5.csv,9/17/2022 20:00,64.6
5.csv,9/17/2022 21:00,63.7
5.csv,9/17/2022 22:00,62.5
5.csv,9/17/2022 23:00,63.4
5.csv,9/18/2022 0:00,65.2
5.csv,9/18/2022 1:00,61.9
5.csv,9/18/2022 2:00,58.5
5.csv,9/18/2022 3:00,58.2
5.csv,9/18/2022 4:00,57.9
5.csv,9/18/2022 5:00,57.3
5.csv,9/18/2022 6:00,58.6
5.csv,9/18/2022 7:00,65.7
5.csv,9/18/2022 8:00,67.4
5.csv,9/18/2022 9:00,66.2
5.csv,9/18/2022 10:00,64.2
5.csv,9/18/2022 11:00,63.1
5.csv,9/18/2022 12:00,63.1
5.csv,9/18/2022 13:00,63.1
5.csv,9/18/2022 14:00,63.4
5.csv,9/18/2022 15:00,63.4
5.csv,9/18/2022 16:00,63
5.csv,9/18/2022 17:00,63.7
5.csv,9/18/2022 18:00,64.2
5.csv,9/18/2022 19:00,63.5
5.csv,9/18/2022 20:00,64.3
5.csv,9/18/2022 21:00,63
5.csv,9/18/2022 22:00,62.1
5.csv,9/18/2022 23:00,60.1
5.csv,9/19/2022 0:00,59.3
5.csv,9/19/2022 1:00,59
5.csv,9/19/2022 2:00,54.8
5.csv,9/19/2022 3:00,55.2
5.csv,9/19/2022 4:00,52.7
5.csv,9/19/2022 5:00,56.3
5.csv,9/19/2022 6:00,58.5
5.csv,9/19/2022 7:00,62.4
5.csv,9/19/2022 8:00,64.9
5.csv,9/19/2022 9:00,65.2
5.csv,9/19/2022 10:00,65.8
5.csv,9/19/2022 11:00,64.1
5.csv,9/19/2022 12:00,63.4
5.csv,9/19/2022 13:00,63
5.csv,9/19/2022 14:00,64.8
5.csv,9/19/2022 15:00,64.6
5.csv,9/19/2022 16:00,65.5
5.csv,9/19/2022 17:00,66.2
5.csv,9/19/2022 18:00,65.8
5.csv,9/19/2022 19:00,66.8
5.csv,9/19/2022 20:00,65.9
5.csv,9/19/2022 21:00,64.3
5.csv,9/19/2022 22:00,62.7
5.csv,9/19/2022 23:00,61
5.csv,9/20/2022 0:00,59
5.csv,9/20/2022 1:00,57.7
5.csv,9/20/2022 2:00,57.3
5.csv,9/20/2022 3:00,56.4
5.csv,9/20/2022 4:00,56.2
5.csv,9/20/2022 5:00,55.5
5.csv,9/20/2022 6:00,58.6
5.csv,9/20/2022 7:00,62.9
5.csv,9/20/2022 8:00,67
5.csv,9/20/2022 9:00,65.1
5.csv,9/20/2022 10:00,65.7
5.csv,9/20/2022 11:00,64.4
5.csv,9/20/2022 12:00,63.3
5.csv,9/20/2022 13:00,62.7
5.csv,9/20/2022 14:00,63.6
5.csv,9/20/2022 15:00,65
5.csv,9/20/2022 16:00,66
5.csv,9/20/2022 17:00,66.4
5.csv,9/20/2022 18:00,66.8
5.csv,9/20/2022 19:00,66.1
5.csv,9/20/2022 20:00,65.1
5.csv,9/20/2022 21:00,64.4
5.csv,9/20/2022 22:00,62.4
5.csv,9/20/2022 23:00,61.2
5.csv,9/21/2022 0:00,59
5.csv,9/21/2022 1:00,57.3
5.csv,9/21/2022 2:00,55.1
5.csv,9/21/2022 3:00,55.4
5.csv,9/21/2022 4:00,55.4
5.csv,9/21/2022 5:00,56.4
5.csv,9/21/2022 6:00,59.7
5.csv,9/21/2022 7:00,62.7
5.csv,9/21/2022 8:00,64.9
5.csv,9/21/2022 9:00,69.1
5.csv,9/21/2022 10:00,65.4
5.csv,9/21/2022 11:00,63.7
5.csv,9/21/2022 12:00,63.3
5.csv,9/21/2022 13:00,63.7
5.csv,9/21/2022 14:00,64.3
5.csv,9/21/2022 15:00,65.3
5.csv,9/21/2022 16:00,65.5
5.csv,9/21/2022 17:00,65.8
5.csv,9/21/2022 18:00,66.2
5.csv,9/21/2022 19:00,66.2
5.csv,9/21/2022 20:00,66.2
5.csv,9/21/2022 21:00,64.1
5.csv,9/21/2022 22:00,63.2
5.csv,9/21/2022 23:00,63.2
5.csv,9/22/2022 0:00,59.4
5.csv,9/22/2022 1:00,58.1
5.csv,9/22/2022 2:00,56.6
5.csv,9/22/2022 3:00,55.6
5.csv,9/22/2022 4:00,56.4
5.csv,9/22/2022 5:00,57.9
5.csv,9/22/2022 6:00,60.1
5.csv,9/22/2022 7:00,64.6
5.csv,9/22/2022 8:00,66.9
5.csv,9/22/2022 9:00,67.8
5.csv,9/22/2022 10:00,68
5.csv,9/22/2022 11:00,67.5
5.csv,9/22/2022 12:00,67.2
5.csv,9/22/2022 13:00,67.7
5.csv,9/22/2022 14:00,68.4
5.csv,9/22/2022 15:00,68
5.csv,9/22/2022 16:00,68.1
5.csv,9/22/2022 17:00,68.1
5.csv,9/22/2022 18:00,67.5
5.csv,9/22/2022 19:00,67.3
5.csv,9/22/2022 20:00,67.4
5.csv,9/22/2022 21:00,66
5.csv,9/22/2022 22:00,65.1
5.csv,9/22/2022 23:00,64.1
5.csv,9/23/2022 0:00,61.7
5.csv,9/23/2022 1:00,59.3
5.csv,9/23/2022 2:00,58.6
5.csv,9/23/2022 3:00,58.3
5.csv,9/23/2022 4:00,58.8
5.csv,9/23/2022 5:00,57.7
5.csv,9/23/2022 6:00,59.8
5.csv,9/23/2022 7:00,64.1
5.csv,9/23/2022 8:00,66.2
5.csv,9/23/2022 9:00,66.9
5.csv,9/23/2022 10:00,66.6
5.csv,9/23/2022 11:00,65.5
5.csv,9/23/2022 12:00,65.4
5.csv,9/23/2022 13:00,64
5.csv,9/23/2022 14:00,64.4
5.csv,9/23/2022 15:00,65
5.csv,9/23/2022 16:00,65.5
5.csv,9/23/2022 17:00,67.7
5.csv,9/23/2022 18:00,67.6
5.csv,9/23/2022 19:00,66.9
5.csv,9/23/2022 20:00,66.9
5.csv,9/23/2022 21:00,65.4
5.csv,9/23/2022 22:00,64
5.csv,9/23/2022 23:00,63.3
5.csv,9/24/2022 0:00,61.8
5.csv,9/24/2022 1:00,60.5
5.csv,9/24/2022 2:00,59.9
5.csv,9/24/2022 3:00,57.9
5.csv,9/24/2022 4:00,58.9
5.csv,9/24/2022 5:00,57.6
5.csv,9/24/2022 6:00,59
5.csv,9/24/2022 7:00,60.9
5.csv,9/24/2022 8:00,63.8
5.csv,9/24/2022 9:00,64.4
5.csv,9/24/2022 10:00,65.9
5.csv,9/24/2022 11:00,65.3
5.csv,9/24/2022 12:00,65.4
5.csv,9/24/2022 13:00,65.7
5.csv,9/24/2022 14:00,65.1
5.csv,9/24/2022 15:00,66.1
5.csv,9/24/2022 16:00,65.1
5.csv,9/24/2022 17:00,65.8
5.csv,9/24/2022 18:00,66.8
5.csv,9/24/2022 19:00,65.9
5.csv,9/24/2022 20:00,66.8
5.csv,9/24/2022 21:00,64.3
5.csv,9/24/2022 22:00,63.2
5.csv,9/24/2022 23:00,63.2
5.csv,9/25/2022 0:00,61.3
5.csv,9/25/2022 1:00,60.2
5.csv,9/25/2022 2:00,60.4
5.csv,9/25/2022 3:00,59.5
5.csv,9/25/2022 4:00,59.1
5.csv,9/25/2022 5:00,59.2
5.csv,9/25/2022 6:00,58
5.csv,9/25/2022 7:00,59.6
5.csv,9/25/2022 8:00,62.1
5.csv,9/25/2022 9:00,62.9
5.csv,9/25/2022 10:00,63.5
5.csv,9/25/2022 11:00,63.8
5.csv,9/25/2022 12:00,64.4
5.csv,9/25/2022 13:00,64.6
5.csv,9/25/2022 14:00,64.7
5.csv,9/25/2022 15:00,64.6
5.csv,9/25/2022 16:00,64.1
5.csv,9/25/2022 17:00,64.5
5.csv,9/25/2022 18:00,64.6
5.csv,9/25/2022 19:00,64.9
5.csv,9/25/2022 20:00,64.3
5.csv,9/25/2022 21:00,63.7
5.csv,9/25/2022 22:00,63.2
5.csv,9/25/2022 23:00,62
5.csv,9/26/2022 0:00,59.8
5.csv,9/26/2022 1:00,60
5.csv,9/26/2022 2:00,59.2
5.csv,9/26/2022 3:00,57.5
5.csv,9/26/2022 4:00,54.8
5.csv,9/26/2022 5:00,56.4
5.csv,9/26/2022 6:00,60
5.csv,9/26/2022 7:00,63.4
5.csv,9/26/2022 8:00,66
5.csv,9/26/2022 9:00,66.2
5.csv,9/26/2022 10:00,65.9
5.csv,9/26/2022 11:00,64.6
5.csv,9/26/2022 12:00,64.1
5.csv,9/26/2022 13:00,64.1
5.csv,9/26/2022 14:00,64.4
5.csv,9/26/2022 15:00,64.8
5.csv,9/26/2022 16:00,65.9
5.csv,9/26/2022 17:00,65.8
5.csv,9/26/2022 18:00,66
5.csv,9/26/2022 19:00,66.5
5.csv,9/26/2022 20:00,65.3
5.csv,9/26/2022 21:00,64.6
5.csv,9/26/2022 22:00,63.6
5.csv,9/26/2022 23:00,61.6
5.csv,9/27/2022 0:00,60
5.csv,9/27/2022 1:00,58.4
5.csv,9/27/2022 2:00,56
5.csv,9/27/2022 3:00,56.6
5.csv,9/27/2022 4:00,57.2
5.csv,9/27/2022 5:00,56.4
5.csv,9/27/2022 6:00,59.2
5.csv,9/27/2022 7:00,62.3
5.csv,9/27/2022 8:00,64.7
5.csv,9/27/2022 9:00,65
5.csv,9/27/2022 10:00,66
5.csv,9/27/2022 11:00,64
5.csv,9/27/2022 12:00,64.5
5.csv,9/27/2022 13:00,64.4
5.csv,9/27/2022 14:00,65.2
5.csv,9/27/2022 15:00,65.9
5.csv,9/27/2022 16:00,65.5
5.csv,9/27/2022 17:00,65.6
5.csv,9/27/2022 18:00,66
5.csv,9/27/2022 19:00,66.6
5.csv,9/27/2022 20:00,65.6
5.csv,9/27/2022 21:00,64.9
5.csv,9/27/2022 22:00,63.6
5.csv,9/27/2022 23:00,62.6
5.csv,9/28/2022 0:00,60.5
5.csv,9/28/2022 1:00,58
5.csv,9/28/2022 2:00,55.8
5.csv,9/28/2022 3:00,56.9
5.csv,9/28/2022 4:00,56
5.csv,9/28/2022 5:00,56.7
5.csv,9/28/2022 6:00,59.7
5.csv,9/28/2022 7:00,63.6
5.csv,9/28/2022 8:00,66.1
5.csv,9/28/2022 9:00,66
5.csv,9/28/2022 10:00,66.3
5.csv,9/28/2022 11:00,64.6
5.csv,9/28/2022 12:00,64.1
5.csv,9/28/2022 13:00,64.6
5.csv,9/28/2022 14:00,66
5.csv,9/28/2022 15:00,66.9
5.csv,9/28/2022 16:00,67.3
5.csv,9/28/2022 17:00,67
5.csv,9/28/2022 18:00,67.3
5.csv,9/28/2022 19:00,67.3
5.csv,9/28/2022 20:00,66.4
5.csv,9/28/2022 21:00,65.5
5.csv,9/28/2022 22:00,64.4
5.csv,9/28/2022 23:00,63
5.csv,9/29/2022 0:00,61.3
5.csv,9/29/2022 1:00,59
5.csv,9/29/2022 2:00,56.8
5.csv,9/29/2022 3:00,57
5.csv,9/29/2022 4:00,57.3
5.csv,9/29/2022 5:00,56.9
5.csv,9/29/2022 6:00,60.2
5.csv,9/29/2022 7:00,64.3
5.csv,9/29/2022 8:00,66.3
5.csv,9/29/2022 9:00,66.7
5.csv,9/29/2022 10:00,67.2
5.csv,9/29/2022 11:00,65.7
5.csv,9/29/2022 12:00,65.2
5.csv,9/29/2022 13:00,65.5
5.csv,9/29/2022 14:00,66.1
5.csv,9/29/2022 15:00,65.9
5.csv,9/29/2022 16:00,66.3
5.csv,9/29/2022 17:00,66.6
5.csv,9/29/2022 18:00,67
5.csv,9/29/2022 19:00,67.1
5.csv,9/29/2022 20:00,66.1
5.csv,9/29/2022 21:00,65.9
5.csv,9/29/2022 22:00,64.3
5.csv,9/29/2022 23:00,62.6
5.csv,9/30/2022 0:00,61.9
5.csv,9/30/2022 1:00,59.9
5.csv,9/30/2022 2:00,58.4
5.csv,9/30/2022 3:00,57.8
5.csv,9/30/2022 4:00,58.5
5.csv,9/30/2022 5:00,57.2
5.csv,9/30/2022 6:00,60.3
5.csv,9/30/2022 7:00,63.9
5.csv,9/30/2022 8:00,67
5.csv,9/30/2022 9:00,67.8
5.csv,9/30/2022 10:00,68.8
5.csv,9/30/2022 11:00,67.4
5.csv,9/30/2022 12:00,67.5
5.csv,9/30/2022 13:00,67.2
5.csv,9/30/2022 14:00,67.5
5.csv,9/30/2022 15:00,66.4
5.csv,9/30/2022 16:00,66.1
5.csv,9/30/2022 17:00,65.4
5.csv,9/30/2022 18:00,65.9
5.csv,9/30/2022 19:00,65.1
5.csv,9/30/2022 20:00,64.9
5.csv,9/30/2022 21:00,63.7
5.csv,9/30/2022 22:00,62.9
5.csv,9/30/2022 23:00,62.4
6.csv,10/1/2022 1:00,59
6.csv,10/1/2022 2:00,58.4
6.csv,10/1/2022 3:00,57
6.csv,10/1/2022 4:00,57.7
6.csv,10/1/2022 5:00,56.6
6.csv,10/1/2022 6:00,57
6.csv,10/1/2022 7:00,59.3
6.csv,10/1/2022 8:00,62.1
6.csv,10/1/2022 9:00,63.3
6.csv,10/1/2022 10:00,65.2
6.csv,10/1/2022 11:00,64.4
6.csv,10/1/2022 12:00,64.6
6.csv,10/1/2022 13:00,64.5
6.csv,10/1/2022 14:00,64
6.csv,10/1/2022 15:00,63.9
6.csv,10/1/2022 16:00,63.5
6.csv,10/1/2022 17:00,64.3
6.csv,10/1/2022 18:00,64
6.csv,10/1/2022 19:00,64.7
6.csv,10/1/2022 20:00,63.8
6.csv,10/1/2022 21:00,63.8
6.csv,10/1/2022 22:00,62.4
6.csv,10/1/2022 23:00,61.4
6.csv,10/2/2022 0:00,60.3
6.csv,10/2/2022 1:00,58.6
6.csv,10/2/2022 2:00,58.9
6.csv,10/2/2022 3:00,58.6
6.csv,10/2/2022 4:00,58.1
6.csv,10/2/2022 5:00,58.2
6.csv,10/2/2022 6:00,56.9
6.csv,10/2/2022 7:00,58.4
6.csv,10/2/2022 8:00,61.6
6.csv,10/2/2022 9:00,61.5
6.csv,10/2/2022 10:00,64
6.csv,10/2/2022 11:00,63.5
6.csv,10/2/2022 12:00,63.4
6.csv,10/2/2022 13:00,63.5
6.csv,10/2/2022 14:00,63.9
6.csv,10/2/2022 15:00,64
6.csv,10/2/2022 16:00,64.2
6.csv,10/2/2022 17:00,64.2
6.csv,10/2/2022 18:00,64.3
6.csv,10/2/2022 19:00,64.4
6.csv,10/2/2022 20:00,63.9
6.csv,10/2/2022 21:00,63.8
6.csv,10/2/2022 22:00,62.6
6.csv,10/2/2022 23:00,61.5
6.csv,10/3/2022 0:00,59.9
6.csv,10/3/2022 1:00,58
6.csv,10/3/2022 2:00,55.7
6.csv,10/3/2022 3:00,54.2
6.csv,10/3/2022 4:00,53.2
6.csv,10/3/2022 5:00,55.2
6.csv,10/3/2022 6:00,59
6.csv,10/3/2022 7:00,62.9
6.csv,10/3/2022 8:00,65.1
6.csv,10/3/2022 9:00,66.2
6.csv,10/3/2022 10:00,66.7
6.csv,10/3/2022 11:00,65.5
6.csv,10/3/2022 12:00,65.8
6.csv,10/3/2022 13:00,66
6.csv,10/3/2022 14:00,65.1
6.csv,10/3/2022 15:00,65.1
6.csv,10/3/2022 16:00,65.3
6.csv,10/3/2022 17:00,66.1
6.csv,10/3/2022 18:00,66
6.csv,10/3/2022 19:00,66.2
6.csv,10/3/2022 20:00,65.7
6.csv,10/3/2022 21:00,64.5
6.csv,10/3/2022 22:00,63.4
6.csv,10/3/2022 23:00,61.8
6.csv,10/4/2022 0:00,60.6
6.csv,10/4/2022 1:00,57.9
6.csv,10/4/2022 2:00,55.9
6.csv,10/4/2022 3:00,57.8
6.csv,10/4/2022 4:00,57.7
6.csv,10/4/2022 5:00,57.3
6.csv,10/4/2022 6:00,59.1
6.csv,10/4/2022 7:00,62.9
6.csv,10/4/2022 8:00,65.2
6.csv,10/4/2022 9:00,65.9
6.csv,10/4/2022 10:00,66.4
6.csv,10/4/2022 11:00,71.3
6.csv,10/4/2022 12:00,65
6.csv,10/4/2022 13:00,65.5
6.csv,10/4/2022 14:00,65.4
6.csv,10/4/2022 15:00,65.8
6.csv,10/4/2022 16:00,67.2
6.csv,10/4/2022 17:00,67.5
6.csv,10/4/2022 18:00,67.5
6.csv,10/4/2022 19:00,68.1
6.csv,10/4/2022 20:00,66.7
6.csv,10/4/2022 21:00,65.4
6.csv,10/4/2022 22:00,64.4
6.csv,10/4/2022 23:00,62.1
6.csv,10/5/2022 0:00,60.2
6.csv,10/5/2022 1:00,59
6.csv,10/5/2022 2:00,57.1
6.csv,10/5/2022 3:00,57.3
6.csv,10/5/2022 4:00,56.3
6.csv,10/5/2022 5:00,57.1
6.csv,10/5/2022 6:00,59.9
6.csv,10/5/2022 7:00,64.4
6.csv,10/5/2022 8:00,66.3
6.csv,10/5/2022 9:00,66.7
6.csv,10/5/2022 10:00,67.2
6.csv,10/5/2022 11:00,66.8
6.csv,10/5/2022 12:00,66.3
6.csv,10/5/2022 13:00,65.8
6.csv,10/5/2022 14:00,65.5
6.csv,10/5/2022 15:00,67.3
6.csv,10/5/2022 16:00,66.4
6.csv,10/5/2022 17:00,66.1
6.csv,10/5/2022 18:00,66.6
6.csv,10/5/2022 19:00,65.9
6.csv,10/5/2022 20:00,65.5
6.csv,10/5/2022 21:00,65.2
6.csv,10/5/2022 22:00,64.5
6.csv,10/5/2022 23:00,62.4
6.csv,10/6/2022 0:00,62.2
6.csv,10/6/2022 1:00,58.6
6.csv,10/6/2022 2:00,57
6.csv,10/6/2022 3:00,55.7
6.csv,10/6/2022 4:00,56.5
6.csv,10/6/2022 5:00,57
6.csv,10/6/2022 6:00,59.9
6.csv,10/6/2022 7:00,62.8
6.csv,10/6/2022 8:00,65.5
6.csv,10/6/2022 9:00,66
6.csv,10/6/2022 10:00,66.6
6.csv,10/6/2022 11:00,65.7
6.csv,10/6/2022 12:00,70.5
6.csv,10/6/2022 13:00,64.8
6.csv,10/6/2022 14:00,65.4
6.csv,10/6/2022 15:00,65
6.csv,10/6/2022 16:00,66.9
6.csv,10/6/2022 17:00,66.5
6.csv,10/6/2022 18:00,66.4
6.csv,10/6/2022 19:00,67.9
6.csv,10/6/2022 20:00,66.7
6.csv,10/6/2022 21:00,65.6
6.csv,10/6/2022 22:00,65
6.csv,10/6/2022 23:00,62.5
6.csv,10/7/2022 0:00,61.9
6.csv,10/7/2022 1:00,59.3
6.csv,10/7/2022 2:00,59
6.csv,10/7/2022 3:00,58.6
6.csv,10/7/2022 4:00,58.6
6.csv,10/7/2022 5:00,58.7
6.csv,10/7/2022 6:00,61
6.csv,10/7/2022 7:00,63.5
6.csv,10/7/2022 8:00,66
6.csv,10/7/2022 9:00,80.4
6.csv,10/7/2022 10:00,78.9
6.csv,10/7/2022 11:00,65.4
6.csv,10/7/2022 12:00,63.9
6.csv,10/7/2022 13:00,64.4
6.csv,10/7/2022 14:00,64.7
6.csv,10/7/2022 15:00,67.1
6.csv,10/7/2022 16:00,64.9
6.csv,10/7/2022 17:00,65.5
6.csv,10/7/2022 18:00,66.4
6.csv,10/7/2022 19:00,66.1
6.csv,10/7/2022 20:00,66.4
6.csv,10/7/2022 21:00,64.8
6.csv,10/7/2022 22:00,63.7
6.csv,10/7/2022 23:00,63
6.csv,10/8/2022 0:00,61.6
6.csv,10/8/2022 1:00,59.4
6.csv,10/8/2022 2:00,58.5
6.csv,10/8/2022 3:00,56.9
6.csv,10/8/2022 4:00,58.5
6.csv,10/8/2022 5:00,58.1
6.csv,10/8/2022 6:00,58.3
6.csv,10/8/2022 7:00,60.1
6.csv,10/8/2022 8:00,62.5
6.csv,10/8/2022 9:00,64.1
6.csv,10/8/2022 10:00,65.7
6.csv,10/8/2022 11:00,65.8
6.csv,10/8/2022 12:00,64
6.csv,10/8/2022 13:00,64.2
6.csv,10/8/2022 14:00,66
6.csv,10/8/2022 15:00,64
6.csv,10/8/2022 16:00,64
6.csv,10/8/2022 17:00,64.9
6.csv,10/8/2022 18:00,65
6.csv,10/8/2022 19:00,65
6.csv,10/8/2022 20:00,65.1
6.csv,10/8/2022 21:00,63.4
6.csv,10/8/2022 22:00,62.7
6.csv,10/8/2022 23:00,62.8
6.csv,10/9/2022 0:00,62.8
6.csv,10/9/2022 1:00,59.2
6.csv,10/9/2022 2:00,58.7
6.csv,10/9/2022 3:00,58.4
6.csv,10/9/2022 4:00,58.3
6.csv,10/9/2022 5:00,56.8
6.csv,10/9/2022 6:00,57.4
6.csv,10/9/2022 7:00,56.8
6.csv,10/9/2022 8:00,60.7
6.csv,10/9/2022 9:00,61.8
6.csv,10/9/2022 10:00,63.6
6.csv,10/9/2022 11:00,64.8
6.csv,10/9/2022 12:00,65
6.csv,10/9/2022 13:00,66
6.csv,10/9/2022 14:00,66.4
6.csv,10/9/2022 15:00,66.5
6.csv,10/9/2022 16:00,66.5
6.csv,10/9/2022 17:00,66.6
6.csv,10/9/2022 18:00,65.7
6.csv,10/9/2022 19:00,65.4
6.csv,10/9/2022 20:00,65.3
6.csv,10/9/2022 21:00,64.8
6.csv,10/9/2022 22:00,63.9
6.csv,10/9/2022 23:00,62.5
6.csv,10/10/2022 0:00,61.2
6.csv,10/10/2022 1:00,58.4
6.csv,10/10/2022 2:00,56.7
6.csv,10/10/2022 3:00,55.8
6.csv,10/10/2022 4:00,55.1
6.csv,10/10/2022 5:00,57.1
6.csv,10/10/2022 6:00,60.4
6.csv,10/10/2022 7:00,63.8
6.csv,10/10/2022 8:00,66.2
6.csv,10/10/2022 9:00,67.4
6.csv,10/10/2022 10:00,67
6.csv,10/10/2022 11:00,65.5
6.csv,10/10/2022 12:00,64.3
6.csv,10/10/2022 13:00,63.7
6.csv,10/10/2022 14:00,63.9
6.csv,10/10/2022 15:00,64.5
6.csv,10/10/2022 16:00,65.1
6.csv,10/10/2022 17:00,66.9
6.csv,10/10/2022 18:00,65.5
6.csv,10/10/2022 19:00,66.4
6.csv,10/10/2022 20:00,66.4
6.csv,10/10/2022 21:00,64.6
6.csv,10/10/2022 22:00,63.6
6.csv,10/10/2022 23:00,62.1
6.csv,10/11/2022 0:00,59.8
6.csv,10/11/2022 1:00,57.1
6.csv,10/11/2022 2:00,56.9
6.csv,10/11/2022 3:00,55.3
6.csv,10/11/2022 4:00,56.4
6.csv,10/11/2022 5:00,55.9
6.csv,10/11/2022 6:00,60.3
6.csv,10/11/2022 7:00,63.8
6.csv,10/11/2022 8:00,65.6
6.csv,10/11/2022 9:00,65.5
6.csv,10/11/2022 10:00,66.3
6.csv,10/11/2022 11:00,64.8
6.csv,10/11/2022 12:00,66.2
6.csv,10/11/2022 13:00,64.5
6.csv,10/11/2022 14:00,64.3
6.csv,10/11/2022 15:00,65.1
6.csv,10/11/2022 16:00,65.7
6.csv,10/11/2022 17:00,65.8
6.csv,10/11/2022 18:00,66.3
6.csv,10/11/2022 19:00,66.9
6.csv,10/11/2022 20:00,65.5
6.csv,10/11/2022 21:00,66.4
6.csv,10/11/2022 22:00,63.4
6.csv,10/11/2022 23:00,61.9
6.csv,10/12/2022 0:00,59.9
6.csv,10/12/2022 1:00,58.2
6.csv,10/12/2022 2:00,55.8
6.csv,10/12/2022 3:00,55.6
6.csv,10/12/2022 4:00,55.7
6.csv,10/12/2022 5:00,55.7
6.csv,10/12/2022 6:00,59.3
6.csv,10/12/2022 7:00,62.9
6.csv,10/12/2022 8:00,64.7
6.csv,10/12/2022 9:00,65.1
6.csv,10/12/2022 10:00,65.7
6.csv,10/12/2022 11:00,65.3
6.csv,10/12/2022 12:00,64.3
6.csv,10/12/2022 13:00,64.1
6.csv,10/12/2022 14:00,65.2
6.csv,10/12/2022 15:00,65.3
6.csv,10/12/2022 16:00,66.8
6.csv,10/12/2022 17:00,66
6.csv,10/12/2022 18:00,66
6.csv,10/12/2022 19:00,66.1
6.csv,10/12/2022 20:00,65.4
6.csv,10/12/2022 21:00,64.8
6.csv,10/12/2022 22:00,64.6
6.csv,10/12/2022 23:00,64
6.csv,10/13/2022 0:00,61.6
6.csv,10/13/2022 1:00,59.6
6.csv,10/13/2022 2:00,56.9
6.csv,10/13/2022 3:00,55.8
6.csv,10/13/2022 4:00,56.4
6.csv,10/13/2022 5:00,58.2
6.csv,10/13/2022 6:00,61.3
6.csv,10/13/2022 7:00,65.6
6.csv,10/13/2022 8:00,66.7
6.csv,10/13/2022 9:00,67.7
6.csv,10/13/2022 10:00,67.2
6.csv,10/13/2022 11:00,66.6
6.csv,10/13/2022 12:00,64.7
6.csv,10/13/2022 13:00,64
6.csv,10/13/2022 14:00,65.1
6.csv,10/13/2022 15:00,64.8
6.csv,10/13/2022 16:00,65.2
6.csv,10/13/2022 17:00,65.9
6.csv,10/13/2022 18:00,66
6.csv,10/13/2022 19:00,65.9
6.csv,10/13/2022 20:00,66.1
6.csv,10/13/2022 21:00,65.1
6.csv,10/13/2022 22:00,63.9
6.csv,10/13/2022 23:00,63.2
6.csv,10/14/2022 0:00,61
6.csv,10/14/2022 1:00,59.9
6.csv,10/14/2022 2:00,57.6
6.csv,10/14/2022 3:00,56.3
6.csv,10/14/2022 4:00,57.4
6.csv,10/14/2022 5:00,57
6.csv,10/14/2022 6:00,60.4
6.csv,10/14/2022 7:00,63.4
6.csv,10/14/2022 8:00,65
6.csv,10/14/2022 9:00,66.3
6.csv,10/14/2022 10:00,67
6.csv,10/14/2022 11:00,64.6
6.csv,10/14/2022 12:00,66.8
6.csv,10/14/2022 13:00,64.5
6.csv,10/14/2022 14:00,65.2
6.csv,10/14/2022 15:00,64.6
6.csv,10/14/2022 16:00,64.8
6.csv,10/14/2022 17:00,64.8
6.csv,10/14/2022 18:00,66
6.csv,10/14/2022 19:00,66.1
6.csv,10/14/2022 20:00,65.8
6.csv,10/14/2022 21:00,65.2
6.csv,10/14/2022 22:00,64.3
6.csv,10/14/2022 23:00,63.1
6.csv,10/15/2022 0:00,62.3
6.csv,10/15/2022 1:00,60.2
6.csv,10/15/2022 2:00,58.3
6.csv,10/15/2022 3:00,57.6
6.csv,10/15/2022 4:00,59.1
6.csv,10/15/2022 5:00,59.1
6.csv,10/15/2022 6:00,58.2
6.csv,10/15/2022 7:00,60.6
6.csv,10/15/2022 8:00,62.3
6.csv,10/15/2022 9:00,64.3
6.csv,10/15/2022 10:00,65.8
6.csv,10/15/2022 11:00,66.1
6.csv,10/15/2022 12:00,66.7
6.csv,10/15/2022 13:00,65.9
6.csv,10/15/2022 14:00,65.2
6.csv,10/15/2022 15:00,68.3
6.csv,10/15/2022 16:00,66.1
6.csv,10/15/2022 17:00,65.6
6.csv,10/15/2022 18:00,65.7
6.csv,10/15/2022 19:00,65.3
6.csv,10/15/2022 20:00,65.5
6.csv,10/15/2022 21:00,64.3
6.csv,10/15/2022 22:00,62.7
6.csv,10/15/2022 23:00,61.5
6.csv,10/16/2022 0:00,61.7
6.csv,10/16/2022 1:00,60.3
6.csv,10/16/2022 2:00,59.7
6.csv,10/16/2022 3:00,59.3
6.csv,10/16/2022 4:00,59.5
6.csv,10/16/2022 5:00,57.9
6.csv,10/16/2022 6:00,56.9
6.csv,10/16/2022 7:00,57.9
6.csv,10/16/2022 8:00,60.6
6.csv,10/16/2022 9:00,62.5
6.csv,10/16/2022 10:00,64.6
6.csv,10/16/2022 11:00,65.5
6.csv,10/16/2022 12:00,65.8
6.csv,10/16/2022 13:00,66.3
6.csv,10/16/2022 14:00,66.5
6.csv,10/16/2022 15:00,66.9
6.csv,10/16/2022 16:00,67.1
6.csv,10/16/2022 17:00,67.3
6.csv,10/16/2022 18:00,66.8
6.csv,10/16/2022 19:00,67.3
6.csv,10/16/2022 20:00,67.7
6.csv,10/16/2022 21:00,66.1
6.csv,10/16/2022 22:00,66
6.csv,10/16/2022 23:00,66.2
6.csv,10/17/2022 0:00,62.3
6.csv,10/17/2022 1:00,60.9
6.csv,10/17/2022 2:00,59.3
6.csv,10/17/2022 3:00,57.8
6.csv,10/17/2022 4:00,59
6.csv,10/17/2022 5:00,59.6
6.csv,10/17/2022 6:00,61.6
6.csv,10/17/2022 7:00,64.1
6.csv,10/17/2022 8:00,66.3
6.csv,10/17/2022 9:00,66.5
6.csv,10/17/2022 10:00,67.1
6.csv,10/17/2022 11:00,65.5
6.csv,10/17/2022 12:00,65.4
6.csv,10/17/2022 13:00,65.4
6.csv,10/17/2022 14:00,64.8
6.csv,10/17/2022 15:00,64.9
6.csv,10/17/2022 16:00,64.6
6.csv,10/17/2022 17:00,64.8
6.csv,10/17/2022 18:00,65.7
6.csv,10/17/2022 19:00,65.8
6.csv,10/17/2022 20:00,65.7
6.csv,10/17/2022 21:00,64.4
6.csv,10/17/2022 22:00,64.9
6.csv,10/17/2022 23:00,62.7
6.csv,10/18/2022 0:00,61
6.csv,10/18/2022 1:00,58.5
6.csv,10/18/2022 2:00,57.3
6.csv,10/18/2022 3:00,57.4
6.csv,10/18/2022 4:00,56.8
6.csv,10/18/2022 5:00,57.8
6.csv,10/18/2022 6:00,61.8
6.csv,10/18/2022 7:00,65.8
6.csv,10/18/2022 8:00,67.8
6.csv,10/18/2022 9:00,68.9
6.csv,10/18/2022 10:00,67.9
6.csv,10/18/2022 11:00,66.6
6.csv,10/18/2022 12:00,66.3
6.csv,10/18/2022 13:00,67.6
6.csv,10/18/2022 14:00,66.5
6.csv,10/18/2022 15:00,67
6.csv,10/18/2022 16:00,67.6
6.csv,10/18/2022 17:00,67.8
6.csv,10/18/2022 18:00,68
6.csv,10/18/2022 19:00,68.1
6.csv,10/18/2022 20:00,67.2
6.csv,10/18/2022 21:00,66.8
6.csv,10/18/2022 22:00,65.1
6.csv,10/18/2022 23:00,63
6.csv,10/19/2022 0:00,60.5
6.csv,10/19/2022 1:00,58.3
6.csv,10/19/2022 2:00,56.4
6.csv,10/19/2022 3:00,58.4
6.csv,10/19/2022 4:00,57.3
6.csv,10/19/2022 5:00,58
6.csv,10/19/2022 6:00,62.7
6.csv,10/19/2022 7:00,67.5
6.csv,10/19/2022 8:00,68.4
6.csv,10/19/2022 9:00,68.7
6.csv,10/19/2022 10:00,69.1
6.csv,10/19/2022 11:00,68.4
6.csv,10/19/2022 12:00,68.4
6.csv,10/19/2022 13:00,68.8
6.csv,10/19/2022 14:00,71.2
6.csv,10/19/2022 15:00,70.2
6.csv,10/19/2022 16:00,71.3
6.csv,10/19/2022 17:00,70.6
6.csv,10/19/2022 18:00,69.9
6.csv,10/19/2022 19:00,69.4
6.csv,10/19/2022 20:00,68.8
6.csv,10/19/2022 21:00,67.6
6.csv,10/19/2022 22:00,66.5
6.csv,10/19/2022 23:00,66.2
6.csv,10/20/2022 0:00,63.8
6.csv,10/20/2022 1:00,61.1
6.csv,10/20/2022 2:00,59.2
6.csv,10/20/2022 3:00,57.7
6.csv,10/20/2022 4:00,58.4
6.csv,10/20/2022 5:00,58.3
6.csv,10/20/2022 6:00,60.8
6.csv,10/20/2022 7:00,65
6.csv,10/20/2022 8:00,66.6
6.csv,10/20/2022 9:00,67.8
6.csv,10/20/2022 10:00,67.8
6.csv,10/20/2022 11:00,67.2
6.csv,10/20/2022 12:00,66.6
6.csv,10/20/2022 13:00,66
6.csv,10/20/2022 14:00,66.7
6.csv,10/20/2022 15:00,67.2
6.csv,10/20/2022 16:00,68
6.csv,10/20/2022 17:00,68
6.csv,10/20/2022 18:00,67.7
6.csv,10/20/2022 19:00,67.6
6.csv,10/20/2022 20:00,67.6
6.csv,10/20/2022 21:00,66.2
6.csv,10/20/2022 22:00,65.3
6.csv,10/20/2022 23:00,63.8
6.csv,10/21/2022 0:00,62.2
6.csv,10/21/2022 1:00,60
6.csv,10/21/2022 2:00,58.6
6.csv,10/21/2022 3:00,57.5
6.csv,10/21/2022 4:00,58.4
6.csv,10/21/2022 5:00,57.9
6.csv,10/21/2022 6:00,62.1
6.csv,10/21/2022 7:00,66
6.csv,10/21/2022 8:00,67.6
6.csv,10/21/2022 9:00,68.5
6.csv,10/21/2022 10:00,69.7
6.csv,10/21/2022 11:00,69
6.csv,10/21/2022 12:00,70
6.csv,10/21/2022 13:00,68.7
6.csv,10/21/2022 14:00,67.7
6.csv,10/21/2022 15:00,68.2
6.csv,10/21/2022 16:00,68.7
6.csv,10/21/2022 17:00,68.4
6.csv,10/21/2022 18:00,68.2
6.csv,10/21/2022 19:00,67.8
6.csv,10/21/2022 20:00,67.9
6.csv,10/21/2022 21:00,67.3
6.csv,10/21/2022 22:00,66.3
6.csv,10/21/2022 23:00,64.4
6.csv,10/22/2022 0:00,63
6.csv,10/22/2022 1:00,61.9
6.csv,10/22/2022 2:00,60.8
6.csv,10/22/2022 3:00,60
6.csv,10/22/2022 4:00,59
6.csv,10/22/2022 5:00,59
6.csv,10/22/2022 6:00,58.4
6.csv,10/22/2022 7:00,60.2
6.csv,10/22/2022 8:00,62.3
6.csv,10/22/2022 9:00,64.1
6.csv,10/22/2022 10:00,65.7
6.csv,10/22/2022 11:00,65.5
6.csv,10/22/2022 12:00,65.1
6.csv,10/22/2022 13:00,65.1
6.csv,10/22/2022 14:00,64.9
6.csv,10/22/2022 15:00,64.7
6.csv,10/22/2022 16:00,65
6.csv,10/22/2022 17:00,65.4
6.csv,10/22/2022 18:00,65.7
6.csv,10/22/2022 19:00,66.2
6.csv,10/22/2022 20:00,65.8
6.csv,10/22/2022 21:00,65
6.csv,10/22/2022 22:00,65.6
6.csv,10/22/2022 23:00,62.8
6.csv,10/23/2022 0:00,61.7
6.csv,10/23/2022 1:00,61.2
6.csv,10/23/2022 2:00,61.2
6.csv,10/23/2022 3:00,60.5
6.csv,10/23/2022 4:00,60
6.csv,10/23/2022 5:00,60.6
6.csv,10/23/2022 6:00,58.4
6.csv,10/23/2022 7:00,59.9
6.csv,10/23/2022 8:00,61.9
6.csv,10/23/2022 9:00,62.7
6.csv,10/23/2022 10:00,65.2
6.csv,10/23/2022 11:00,67.6
6.csv,10/23/2022 12:00,67
6.csv,10/23/2022 13:00,67.3
6.csv,10/23/2022 14:00,66.3
6.csv,10/23/2022 15:00,64.9
6.csv,10/23/2022 16:00,65.3
6.csv,10/23/2022 17:00,65.3
6.csv,10/23/2022 18:00,65.9
6.csv,10/23/2022 19:00,66.1
6.csv,10/23/2022 20:00,65.6
6.csv,10/23/2022 21:00,64.7
6.csv,10/23/2022 22:00,62.9
6.csv,10/23/2022 23:00,61.9
6.csv,10/24/2022 0:00,60.8
6.csv,10/24/2022 1:00,58.6
6.csv,10/24/2022 2:00,56.1
6.csv,10/24/2022 3:00,56.1
6.csv,10/24/2022 4:00,55
6.csv,10/24/2022 5:00,56.6
6.csv,10/24/2022 6:00,60
6.csv,10/24/2022 7:00,63.5
6.csv,10/24/2022 8:00,72.3
6.csv,10/24/2022 9:00,66.9
6.csv,10/24/2022 10:00,66.6
6.csv,10/24/2022 11:00,66
6.csv,10/24/2022 12:00,65.7
6.csv,10/24/2022 13:00,65
6.csv,10/24/2022 14:00,64.6
6.csv,10/24/2022 15:00,65.2
6.csv,10/24/2022 16:00,66.7
6.csv,10/24/2022 17:00,66.8
6.csv,10/24/2022 18:00,67.1
6.csv,10/24/2022 19:00,66.9
6.csv,10/24/2022 20:00,66.7
6.csv,10/24/2022 21:00,65.1
6.csv,10/24/2022 22:00,63.7
6.csv,10/24/2022 23:00,61.9
6.csv,10/25/2022 0:00,60.2
6.csv,10/25/2022 1:00,57.3
6.csv,10/25/2022 2:00,56.5
6.csv,10/25/2022 3:00,56.3
6.csv,10/25/2022 4:00,56.3
6.csv,10/25/2022 5:00,56.9
6.csv,10/25/2022 6:00,60.2
6.csv,10/25/2022 7:00,64.4
6.csv,10/25/2022 8:00,66.4
6.csv,10/25/2022 9:00,67.2
6.csv,10/25/2022 10:00,67.6
6.csv,10/25/2022 11:00,66.3
6.csv,10/25/2022 12:00,65.1
6.csv,10/25/2022 13:00,66
6.csv,10/25/2022 14:00,66.1
6.csv,10/25/2022 15:00,66.6
6.csv,10/25/2022 16:00,67.8
6.csv,10/25/2022 17:00,67.8
6.csv,10/25/2022 18:00,67.9
6.csv,10/25/2022 19:00,68.3
6.csv,10/25/2022 20:00,68.1
6.csv,10/25/2022 21:00,67.7
6.csv,10/25/2022 22:00,66.8
6.csv,10/25/2022 23:00,65.7
6.csv,10/26/2022 0:00,65.2
6.csv,10/26/2022 1:00,62.4
6.csv,10/26/2022 2:00,58.6
6.csv,10/26/2022 3:00,56.2
6.csv,10/26/2022 4:00,56.1
6.csv,10/26/2022 5:00,59.1
6.csv,10/26/2022 6:00,62.3
6.csv,10/26/2022 7:00,65.3
6.csv,10/26/2022 8:00,66.2
6.csv,10/26/2022 9:00,66.9
6.csv,10/26/2022 10:00,67.2
6.csv,10/26/2022 11:00,66.6
6.csv,10/26/2022 12:00,66.1
6.csv,10/26/2022 13:00,65.8
6.csv,10/26/2022 14:00,65
6.csv,10/26/2022 15:00,66.2
6.csv,10/26/2022 16:00,67.4
6.csv,10/26/2022 17:00,68.2
6.csv,10/26/2022 18:00,68.2
6.csv,10/26/2022 19:00,68.1
6.csv,10/26/2022 20:00,67.9
6.csv,10/26/2022 21:00,66.5
6.csv,10/26/2022 22:00,65.6
6.csv,10/26/2022 23:00,63.9
6.csv,10/27/2022 0:00,62
6.csv,10/27/2022 1:00,60.8
6.csv,10/27/2022 2:00,56.7
6.csv,10/27/2022 3:00,56.8
6.csv,10/27/2022 4:00,56.5
6.csv,10/27/2022 5:00,58.4
6.csv,10/27/2022 6:00,61.7
6.csv,10/27/2022 7:00,65.1
6.csv,10/27/2022 8:00,67.1
6.csv,10/27/2022 9:00,67.2
6.csv,10/27/2022 10:00,71.8
6.csv,10/27/2022 11:00,66.6
6.csv,10/27/2022 12:00,66.5
6.csv,10/27/2022 13:00,66.4
6.csv,10/27/2022 14:00,66.1
6.csv,10/27/2022 15:00,67.7
6.csv,10/27/2022 16:00,68.1
6.csv,10/27/2022 17:00,67
6.csv,10/27/2022 18:00,66.9
6.csv,10/27/2022 19:00,67.1
6.csv,10/27/2022 20:00,67
6.csv,10/27/2022 21:00,66.2
6.csv,10/27/2022 22:00,65.6
6.csv,10/27/2022 23:00,63.6
6.csv,10/28/2022 0:00,65.3
6.csv,10/28/2022 1:00,60.7
6.csv,10/28/2022 2:00,59.2
6.csv,10/28/2022 3:00,60.4
6.csv,10/28/2022 4:00,61.3
6.csv,10/28/2022 5:00,62.7
6.csv,10/28/2022 6:00,63.1
6.csv,10/28/2022 7:00,64.4
6.csv,10/28/2022 8:00,66.3
6.csv,10/28/2022 9:00,68.1
6.csv,10/28/2022 10:00,67.8
6.csv,10/28/2022 11:00,66.4
6.csv,10/28/2022 12:00,66.5
6.csv,10/28/2022 13:00,65.6
6.csv,10/28/2022 14:00,65.9
6.csv,10/28/2022 15:00,66.2
6.csv,10/28/2022 16:00,66.7
6.csv,10/28/2022 17:00,66.4
6.csv,10/28/2022 18:00,66.5
6.csv,10/28/2022 19:00,67.2
6.csv,10/28/2022 20:00,67
6.csv,10/28/2022 21:00,65.4
6.csv,10/28/2022 22:00,64.1
6.csv,10/28/2022 23:00,62.8
6.csv,10/29/2022 0:00,62.3
6.csv,10/29/2022 1:00,61
6.csv,10/29/2022 2:00,59.2
6.csv,10/29/2022 3:00,58.6
6.csv,10/29/2022 4:00,59.3
6.csv,10/29/2022 5:00,58.1
6.csv,10/29/2022 6:00,58.5
6.csv,10/29/2022 7:00,62.2
6.csv,10/29/2022 8:00,65.1
6.csv,10/29/2022 9:00,65.9
6.csv,10/29/2022 10:00,67.6
6.csv,10/29/2022 11:00,68.4
6.csv,10/29/2022 12:00,68.1
6.csv,10/29/2022 13:00,68.4
6.csv,10/29/2022 14:00,67.6
6.csv,10/29/2022 15:00,67.6
6.csv,10/29/2022 16:00,66.3
6.csv,10/29/2022 17:00,66
6.csv,10/29/2022 18:00,67
6.csv,10/29/2022 19:00,65.9
6.csv,10/29/2022 20:00,65.8
6.csv,10/29/2022 21:00,65.1
6.csv,10/29/2022 22:00,63.8
6.csv,10/29/2022 23:00,66.8
6.csv,10/30/2022 0:00,62.6
6.csv,10/30/2022 1:00,
6.csv,10/30/2022 2:00,59.6
6.csv,10/30/2022 3:00,60
6.csv,10/30/2022 4:00,59.1
6.csv,10/30/2022 5:00,57.5
6.csv,10/30/2022 6:00,57.8
6.csv,10/30/2022 7:00,59.8
6.csv,10/30/2022 8:00,62.7
6.csv,10/30/2022 9:00,63.2
6.csv,10/30/2022 10:00,64.4
6.csv,10/30/2022 11:00,65
6.csv,10/30/2022 12:00,65.6
6.csv,10/30/2022 13:00,65.8
6.csv,10/30/2022 14:00,65.3
6.csv,10/30/2022 15:00,65.1
6.csv,10/30/2022 16:00,65.5
6.csv,10/30/2022 17:00,65.4
6.csv,10/30/2022 18:00,65.7
6.csv,10/30/2022 19:00,65.3
6.csv,10/30/2022 20:00,64.5
6.csv,10/30/2022 21:00,63.6
6.csv,10/30/2022 22:00,62.5
6.csv,10/30/2022 23:00,61.8
6.csv,10/31/2022 0:00,61
6.csv,10/31/2022 1:00,59
6.csv,10/31/2022 2:00,58.4
6.csv,10/31/2022 3:00,57.8
6.csv,10/31/2022 4:00,59
6.csv,10/31/2022 5:00,58.5
6.csv,10/31/2022 6:00,58.3
6.csv,10/31/2022 7:00,58.7
6.csv,10/31/2022 8:00,61
6.csv,10/31/2022 9:00,61.5
6.csv,10/31/2022 10:00,62.4
6.csv,10/31/2022 11:00,64.2
6.csv,10/31/2022 12:00,64.5
6.csv,10/31/2022 13:00,64.5
6.csv,10/31/2022 14:00,67.5
6.csv,10/31/2022 15:00,66.1
6.csv,10/31/2022 16:00,67.5
6.csv,10/31/2022 17:00,67.5
6.csv,10/31/2022 18:00,66.7
6.csv,10/31/2022 19:00,74.1
6.csv,10/31/2022 20:00,68.8
6.csv,10/31/2022 21:00,67.4
6.csv,10/31/2022 22:00,67.2
6.csv,10/31/2022 23:00,64.9
7.csv,11/1/2022 1:00,61.6
7.csv,11/1/2022 2:00,60
7.csv,11/1/2022 3:00,59.6
7.csv,11/1/2022 4:00,59.5
7.csv,11/1/2022 5:00,60.8
7.csv,11/1/2022 6:00,60.4
7.csv,11/1/2022 7:00,63.8
7.csv,11/1/2022 8:00,65.5
7.csv,11/1/2022 9:00,66.2
7.csv,11/1/2022 10:00,66.2
7.csv,11/1/2022 11:00,66
7.csv,11/1/2022 12:00,66
7.csv,11/1/2022 13:00,65.2
7.csv,11/1/2022 14:00,64.5
7.csv,11/1/2022 15:00,65.5
7.csv,11/1/2022 16:00,66
7.csv,11/1/2022 17:00,66
7.csv,11/1/2022 18:00,66.4
7.csv,11/1/2022 19:00,66.4
7.csv,11/1/2022 20:00,66.4
7.csv,11/1/2022 21:00,65.7
7.csv,11/1/2022 22:00,69.1
7.csv,11/1/2022 23:00,64
7.csv,11/2/2022 0:00,60.6
7.csv,11/2/2022 1:00,58.7
7.csv,11/2/2022 2:00,55.6
7.csv,11/2/2022 3:00,54.9
7.csv,11/2/2022 4:00,55.4
7.csv,11/2/2022 5:00,57.3
7.csv,11/2/2022 6:00,60.6
7.csv,11/2/2022 7:00,65.2
7.csv,11/2/2022 8:00,66.7
7.csv,11/2/2022 9:00,67.6
7.csv,11/2/2022 10:00,67.3
7.csv,11/2/2022 11:00,66.6
7.csv,11/2/2022 12:00,69
7.csv,11/2/2022 13:00,68.8
7.csv,11/2/2022 14:00,67.5
7.csv,11/2/2022 15:00,67.3
7.csv,11/2/2022 16:00,66.7
7.csv,11/2/2022 17:00,67.6
7.csv,11/2/2022 18:00,67.1
7.csv,11/2/2022 19:00,66.2
7.csv,11/2/2022 20:00,66.4
7.csv,11/2/2022 21:00,65.3
7.csv,11/2/2022 22:00,64.4
7.csv,11/2/2022 23:00,63.4
7.csv,11/3/2022 0:00,64.1
7.csv,11/3/2022 1:00,60.3
7.csv,11/3/2022 2:00,57
7.csv,11/3/2022 3:00,55.8
7.csv,11/3/2022 4:00,56.9
7.csv,11/3/2022 5:00,57.9
7.csv,11/3/2022 6:00,62.4
7.csv,11/3/2022 7:00,64.8
7.csv,11/3/2022 8:00,66.6
7.csv,11/3/2022 9:00,67.1
7.csv,11/3/2022 10:00,66.3
7.csv,11/3/2022 11:00,66
7.csv,11/3/2022 12:00,65.8
7.csv,11/3/2022 13:00,66
7.csv,11/3/2022 14:00,66.3
7.csv,11/3/2022 15:00,66.8
7.csv,11/3/2022 16:00,67.4
7.csv,11/3/2022 17:00,67.3
7.csv,11/3/2022 18:00,67.5
7.csv,11/3/2022 19:00,67.6
7.csv,11/3/2022 20:00,67.4
7.csv,11/3/2022 21:00,66.5
7.csv,11/3/2022 22:00,66
7.csv,11/3/2022 23:00,64.8
7.csv,11/4/2022 0:00,62.6
7.csv,11/4/2022 1:00,61
7.csv,11/4/2022 2:00,58.4
7.csv,11/4/2022 3:00,57.9
7.csv,11/4/2022 4:00,58
7.csv,11/4/2022 5:00,58.1
7.csv,11/4/2022 6:00,60.8
7.csv,11/4/2022 7:00,64
7.csv,11/4/2022 8:00,66.2
7.csv,11/4/2022 9:00,66.7
7.csv,11/4/2022 10:00,66
7.csv,11/4/2022 11:00,65.5
7.csv,11/4/2022 12:00,64.7
7.csv,11/4/2022 13:00,65.3
7.csv,11/4/2022 14:00,65.4
7.csv,11/4/2022 15:00,65.4
7.csv,11/4/2022 16:00,66.2
7.csv,11/4/2022 17:00,67.2
7.csv,11/4/2022 18:00,66.8
7.csv,11/4/2022 19:00,66.1
7.csv,11/4/2022 20:00,66
7.csv,11/4/2022 21:00,65.3
7.csv,11/4/2022 22:00,64.2
7.csv,11/4/2022 23:00,63.4
7.csv,11/5/2022 0:00,61.7
7.csv,11/5/2022 1:00,60.2
7.csv,11/5/2022 2:00,60.3
7.csv,11/5/2022 3:00,59.3
7.csv,11/5/2022 4:00,59.5
7.csv,11/5/2022 5:00,59.1
7.csv,11/5/2022 6:00,59.3
7.csv,11/5/2022 7:00,60.9
7.csv,11/5/2022 8:00,62.3
7.csv,11/5/2022 9:00,64
7.csv,11/5/2022 10:00,65.2
7.csv,11/5/2022 11:00,65.3
7.csv,11/5/2022 12:00,65.7
7.csv,11/5/2022 13:00,65.3
7.csv,11/5/2022 14:00,66
7.csv,11/5/2022 15:00,64.8
7.csv,11/5/2022 16:00,65.5
7.csv,11/5/2022 17:00,66
7.csv,11/5/2022 18:00,65.9
7.csv,11/5/2022 19:00,65.6
7.csv,11/5/2022 20:00,65.4
7.csv,11/5/2022 21:00,64.4
7.csv,11/5/2022 22:00,62.8
7.csv,11/5/2022 23:00,62.2
7.csv,11/6/2022 0:00,61.4
7.csv,11/6/2022 1:00,60.3
7.csv,11/6/2022 2:00,59.6
7.csv,11/6/2022 3:00,59.5
7.csv,11/6/2022 4:00,59
7.csv,11/6/2022 5:00,57.5
7.csv,11/6/2022 6:00,56.5
7.csv,11/6/2022 7:00,58.6
7.csv,11/6/2022 8:00,61.4
7.csv,11/6/2022 9:00,62.8
7.csv,11/6/2022 10:00,63.8
7.csv,11/6/2022 11:00,64.7
7.csv,11/6/2022 12:00,64.7
7.csv,11/6/2022 13:00,63.6
7.csv,11/6/2022 14:00,65.5
7.csv,11/6/2022 15:00,65.3
7.csv,11/6/2022 16:00,67.6
7.csv,11/6/2022 17:00,66.9
7.csv,11/6/2022 18:00,66.4
7.csv,11/6/2022 19:00,66
7.csv,11/6/2022 20:00,66
7.csv,11/6/2022 21:00,65
7.csv,11/6/2022 22:00,64.1
7.csv,11/6/2022 23:00,62.9
7.csv,11/7/2022 0:00,61.7
7.csv,11/7/2022 1:00,59.8
7.csv,11/7/2022 2:00,57.6
7.csv,11/7/2022 3:00,56
7.csv,11/7/2022 4:00,55
7.csv,11/7/2022 5:00,57
7.csv,11/7/2022 6:00,60
7.csv,11/7/2022 7:00,63.8
7.csv,11/7/2022 8:00,66
7.csv,11/7/2022 9:00,67.1
7.csv,11/7/2022 10:00,66.9
7.csv,11/7/2022 11:00,66.9
7.csv,11/7/2022 12:00,65.7
7.csv,11/7/2022 13:00,66.2
7.csv,11/7/2022 14:00,66.8
7.csv,11/7/2022 15:00,67.3
7.csv,11/7/2022 16:00,67.5
7.csv,11/7/2022 17:00,67.3
7.csv,11/7/2022 18:00,67.9
7.csv,11/7/2022 19:00,68.3
7.csv,11/7/2022 20:00,67.7
7.csv,11/7/2022 21:00,66
7.csv,11/7/2022 22:00,64.8
7.csv,11/7/2022 23:00,62.9
7.csv,11/8/2022 0:00,61.2
7.csv,11/8/2022 1:00,59.3
7.csv,11/8/2022 2:00,57.7
7.csv,11/8/2022 3:00,56.7
7.csv,11/8/2022 4:00,56.4
7.csv,11/8/2022 5:00,58.2
7.csv,11/8/2022 6:00,61.2
7.csv,11/8/2022 7:00,64.9
7.csv,11/8/2022 8:00,66.7
7.csv,11/8/2022 9:00,66.5
7.csv,11/8/2022 10:00,67.1
7.csv,11/8/2022 11:00,66
7.csv,11/8/2022 12:00,65.8
7.csv,11/8/2022 13:00,64.7
7.csv,11/8/2022 14:00,65
7.csv,11/8/2022 15:00,65.2
7.csv,11/8/2022 16:00,66.2
7.csv,11/8/2022 17:00,66.5
7.csv,11/8/2022 18:00,66.6
7.csv,11/8/2022 19:00,66.7
7.csv,11/8/2022 20:00,65.5
7.csv,11/8/2022 21:00,65.2
7.csv,11/8/2022 22:00,63.7
7.csv,11/8/2022 23:00,62.4
7.csv,11/9/2022 0:00,60.7
7.csv,11/9/2022 1:00,58.9
7.csv,11/9/2022 2:00,55.9
7.csv,11/9/2022 3:00,55
7.csv,11/9/2022 4:00,55
7.csv,11/9/2022 5:00,56.5
7.csv,11/9/2022 6:00,59.8
7.csv,11/9/2022 7:00,63.4
7.csv,11/9/2022 8:00,65.4
7.csv,11/9/2022 9:00,66.3
7.csv,11/9/2022 10:00,68.6
7.csv,11/9/2022 11:00,66.7
7.csv,11/9/2022 12:00,66.1
7.csv,11/9/2022 13:00,65.7
7.csv,11/9/2022 14:00,65.9
7.csv,11/9/2022 15:00,68.3
7.csv,11/9/2022 16:00,66.5
7.csv,11/9/2022 17:00,66.9
7.csv,11/9/2022 18:00,66.6
7.csv,11/9/2022 19:00,68.3
7.csv,11/9/2022 20:00,66.4
7.csv,11/9/2022 21:00,65.3
7.csv,11/9/2022 22:00,64.3
7.csv,11/9/2022 23:00,63.2
7.csv,11/10/2022 0:00,61.2
7.csv,11/10/2022 1:00,58.6
7.csv,11/10/2022 2:00,56.7
7.csv,11/10/2022 3:00,55.5
7.csv,11/10/2022 4:00,55
7.csv,11/10/2022 5:00,56.5
7.csv,11/10/2022 6:00,60
7.csv,11/10/2022 7:00,63.4
7.csv,11/10/2022 8:00,66.3
7.csv,11/10/2022 9:00,65.9
7.csv,11/10/2022 10:00,67
7.csv,11/10/2022 11:00,65.5
7.csv,11/10/2022 12:00,65
7.csv,11/10/2022 13:00,65.8
7.csv,11/10/2022 14:00,66.1
7.csv,11/10/2022 15:00,66.2
7.csv,11/10/2022 16:00,68.2
7.csv,11/10/2022 17:00,66.8
7.csv,11/10/2022 18:00,67.2
7.csv,11/10/2022 19:00,67.1
7.csv,11/10/2022 20:00,66.3
7.csv,11/10/2022 21:00,65.5
7.csv,11/10/2022 22:00,64.1
7.csv,11/10/2022 23:00,62.8
7.csv,11/11/2022 0:00,62.9
7.csv,11/11/2022 1:00,59.5
7.csv,11/11/2022 2:00,58.7
7.csv,11/11/2022 3:00,58.4
7.csv,11/11/2022 4:00,58.1
7.csv,11/11/2022 5:00,58.1
7.csv,11/11/2022 6:00,60.5
7.csv,11/11/2022 7:00,63.5
7.csv,11/11/2022 8:00,65.2
7.csv,11/11/2022 9:00,66.6
7.csv,11/11/2022 10:00,67
7.csv,11/11/2022 11:00,65.9
7.csv,11/11/2022 12:00,65.6
7.csv,11/11/2022 13:00,66.6
7.csv,11/11/2022 14:00,66.9
7.csv,11/11/2022 15:00,66.6
7.csv,11/11/2022 16:00,66.4
7.csv,11/11/2022 17:00,66.8
7.csv,11/11/2022 18:00,70.3
7.csv,11/11/2022 19:00,69.7
7.csv,11/11/2022 20:00,66.9
7.csv,11/11/2022 21:00,66.9
7.csv,11/11/2022 22:00,64.8
7.csv,11/11/2022 23:00,64.3
7.csv,11/12/2022 0:00,63.7
7.csv,11/12/2022 1:00,61.4
7.csv,11/12/2022 2:00,61.6
7.csv,11/12/2022 3:00,60.2
7.csv,11/12/2022 4:00,59.3
7.csv,11/12/2022 5:00,58.9
7.csv,11/12/2022 6:00,59.1
7.csv,11/12/2022 7:00,60.6
7.csv,11/12/2022 8:00,64.2
7.csv,11/12/2022 9:00,64.6
7.csv,11/12/2022 10:00,66.1
7.csv,11/12/2022 11:00,66.7
7.csv,11/12/2022 12:00,66.5
7.csv,11/12/2022 13:00,66.9
7.csv,11/12/2022 14:00,67.8
7.csv,11/12/2022 15:00,67.7
7.csv,11/12/2022 16:00,68.1
7.csv,11/12/2022 17:00,68
7.csv,11/12/2022 18:00,67.1
7.csv,11/12/2022 19:00,66.6
7.csv,11/12/2022 20:00,66.4
7.csv,11/12/2022 21:00,64.9
7.csv,11/12/2022 22:00,69.1
7.csv,11/12/2022 23:00,63.3
7.csv,11/13/2022 0:00,62.4
7.csv,11/13/2022 1:00,61.6
7.csv,11/13/2022 2:00,60.9
7.csv,11/13/2022 3:00,59.9
7.csv,11/13/2022 4:00,60.1
7.csv,11/13/2022 5:00,59.1
7.csv,11/13/2022 6:00,57.6
7.csv,11/13/2022 7:00,59.4
7.csv,11/13/2022 8:00,62.3
7.csv,11/13/2022 9:00,63.4
7.csv,11/13/2022 10:00,65.5
7.csv,11/13/2022 11:00,66
7.csv,11/13/2022 12:00,65.5
7.csv,11/13/2022 13:00,66.7
7.csv,11/13/2022 14:00,67.1
7.csv,11/13/2022 15:00,67.2
7.csv,11/13/2022 16:00,66.9
7.csv,11/13/2022 17:00,66.7
7.csv,11/13/2022 18:00,66
7.csv,11/13/2022 19:00,66.1
7.csv,11/13/2022 20:00,66.2
7.csv,11/13/2022 21:00,65
7.csv,11/13/2022 22:00,64.1
7.csv,11/13/2022 23:00,64.2
7.csv,11/14/2022 0:00,61.6
7.csv,11/14/2022 1:00,60.4
7.csv,11/14/2022 2:00,57.9
7.csv,11/14/2022 3:00,57
7.csv,11/14/2022 4:00,55.6
7.csv,11/14/2022 5:00,57.4
7.csv,11/14/2022 6:00,61.9
7.csv,11/14/2022 7:00,65.3
7.csv,11/14/2022 8:00,66.8
7.csv,11/14/2022 9:00,67.5
7.csv,11/14/2022 10:00,67.5
7.csv,11/14/2022 11:00,66.5
7.csv,11/14/2022 12:00,65.8
7.csv,11/14/2022 13:00,64.8
7.csv,11/14/2022 14:00,64.6
7.csv,11/14/2022 15:00,65.5
7.csv,11/14/2022 16:00,67.3
7.csv,11/14/2022 17:00,68
7.csv,11/14/2022 18:00,67.9
7.csv,11/14/2022 19:00,67.6
7.csv,11/14/2022 20:00,67.2
7.csv,11/14/2022 21:00,66.8
7.csv,11/14/2022 22:00,66.5
7.csv,11/14/2022 23:00,65.8
7.csv,11/15/2022 0:00,65.7
7.csv,11/15/2022 1:00,62.4
7.csv,11/15/2022 2:00,59.6
7.csv,11/15/2022 3:00,58.3
7.csv,11/15/2022 4:00,57.2
7.csv,11/15/2022 5:00,56.2
7.csv,11/15/2022 6:00,60.6
7.csv,11/15/2022 7:00,64.9
7.csv,11/15/2022 8:00,66.7
7.csv,11/15/2022 9:00,68.1
7.csv,11/15/2022 10:00,67.6
7.csv,11/15/2022 11:00,66.3
7.csv,11/15/2022 12:00,65.7
7.csv,11/15/2022 13:00,64.6
7.csv,11/15/2022 14:00,64.8
7.csv,11/15/2022 15:00,64.9
7.csv,11/15/2022 16:00,66.8
7.csv,11/15/2022 17:00,67.4
7.csv,11/15/2022 18:00,68
7.csv,11/15/2022 19:00,67.3
7.csv,11/15/2022 20:00,66.7
7.csv,11/15/2022 21:00,65.7
7.csv,11/15/2022 22:00,65
7.csv,11/15/2022 23:00,64.3
7.csv,11/16/2022 0:00,62.8
7.csv,11/16/2022 1:00,61.2
7.csv,11/16/2022 2:00,57.1
7.csv,11/16/2022 3:00,58.5
7.csv,11/16/2022 4:00,57.3
7.csv,11/16/2022 5:00,58.4
7.csv,11/16/2022 6:00,62.8
7.csv,11/16/2022 7:00,66.5
7.csv,11/16/2022 8:00,68.5
7.csv,11/16/2022 9:00,72.7
7.csv,11/16/2022 10:00,68.8
7.csv,11/16/2022 11:00,66.2
7.csv,11/16/2022 12:00,65.5
7.csv,11/16/2022 13:00,66
7.csv,11/16/2022 14:00,67.4
7.csv,11/16/2022 15:00,67.8
7.csv,11/16/2022 16:00,68.2
7.csv,11/16/2022 17:00,68.3
7.csv,11/16/2022 18:00,68
7.csv,11/16/2022 19:00,68.3
7.csv,11/16/2022 20:00,68.1
7.csv,11/16/2022 21:00,67.2
7.csv,11/16/2022 22:00,65.9
7.csv,11/16/2022 23:00,64.6
7.csv,11/17/2022 0:00,62.7
7.csv,11/17/2022 1:00,59.6
7.csv,11/17/2022 2:00,56.8
7.csv,11/17/2022 3:00,55.3
7.csv,11/17/2022 4:00,56.7
7.csv,11/17/2022 5:00,58.5
7.csv,11/17/2022 6:00,60.8
7.csv,11/17/2022 7:00,64.7
7.csv,11/17/2022 8:00,66.6
7.csv,11/17/2022 9:00,67.3
7.csv,11/17/2022 10:00,67.7
7.csv,11/17/2022 11:00,66.7
7.csv,11/17/2022 12:00,65.9
7.csv,11/17/2022 13:00,65.8
7.csv,11/17/2022 14:00,66.6
7.csv,11/17/2022 15:00,67.4
7.csv,11/17/2022 16:00,67.8
7.csv,11/17/2022 17:00,67.5
7.csv,11/17/2022 18:00,67.1
7.csv,11/17/2022 19:00,67.9
7.csv,11/17/2022 20:00,66.7
7.csv,11/17/2022 21:00,65.5
7.csv,11/17/2022 22:00,64.5
7.csv,11/17/2022 23:00,63.3
7.csv,11/18/2022 0:00,62.1
7.csv,11/18/2022 1:00,59.1
7.csv,11/18/2022 2:00,57.5
7.csv,11/18/2022 3:00,57.5
7.csv,11/18/2022 4:00,57.4
7.csv,11/18/2022 5:00,57.2
7.csv,11/18/2022 6:00,60.3
7.csv,11/18/2022 7:00,64.4
7.csv,11/18/2022 8:00,66.1
7.csv,11/18/2022 9:00,67.1
7.csv,11/18/2022 10:00,66.7
7.csv,11/18/2022 11:00,65.3
7.csv,11/18/2022 12:00,65
7.csv,11/18/2022 13:00,64.8
7.csv,11/18/2022 14:00,65.4
7.csv,11/18/2022 15:00,66.4
7.csv,11/18/2022 16:00,66.4
7.csv,11/18/2022 17:00,67.4
7.csv,11/18/2022 18:00,66.5
7.csv,11/18/2022 19:00,67.4
7.csv,11/18/2022 20:00,67.1
7.csv,11/18/2022 21:00,65.9
7.csv,11/18/2022 22:00,64.8
7.csv,11/18/2022 23:00,64.1
7.csv,11/19/2022 0:00,62.5
7.csv,11/19/2022 1:00,61
7.csv,11/19/2022 2:00,59.7
7.csv,11/19/2022 3:00,57.8
7.csv,11/19/2022 4:00,59.6
7.csv,11/19/2022 5:00,59
7.csv,11/19/2022 6:00,58.4
7.csv,11/19/2022 7:00,60.9
7.csv,11/19/2022 8:00,63.7
7.csv,11/19/2022 9:00,66.2
7.csv,11/19/2022 10:00,67.9
7.csv,11/19/2022 11:00,67.3
7.csv,11/19/2022 12:00,68
7.csv,11/19/2022 13:00,67.2
7.csv,11/19/2022 14:00,68.3
7.csv,11/19/2022 15:00,67.4
7.csv,11/19/2022 16:00,67.5
7.csv,11/19/2022 17:00,68.2
7.csv,11/19/2022 18:00,69
7.csv,11/19/2022 19:00,68.6
7.csv,11/19/2022 20:00,67.7
7.csv,11/19/2022 21:00,66.3
7.csv,11/19/2022 22:00,64.4
7.csv,11/19/2022 23:00,63.9
7.csv,11/20/2022 0:00,62.3
7.csv,11/20/2022 1:00,61.4
7.csv,11/20/2022 2:00,61.2
7.csv,11/20/2022 3:00,59.8
7.csv,11/20/2022 4:00,60
7.csv,11/20/2022 5:00,58.7
7.csv,11/20/2022 6:00,58.5
7.csv,11/20/2022 7:00,58.8
7.csv,11/20/2022 8:00,61.9
7.csv,11/20/2022 9:00,62.8
7.csv,11/20/2022 10:00,64.6
7.csv,11/20/2022 11:00,65.4
7.csv,11/20/2022 12:00,66
7.csv,11/20/2022 13:00,65.7
7.csv,11/20/2022 14:00,65.4
7.csv,11/20/2022 15:00,65.5
7.csv,11/20/2022 16:00,66
7.csv,11/20/2022 17:00,66.7
7.csv,11/20/2022 18:00,66.1
7.csv,11/20/2022 19:00,66.7
7.csv,11/20/2022 20:00,65.6
7.csv,11/20/2022 21:00,65.4
7.csv,11/20/2022 22:00,65.1
7.csv,11/20/2022 23:00,64.7
7.csv,11/21/2022 0:00,62.5
7.csv,11/21/2022 1:00,59.6
7.csv,11/21/2022 2:00,56
7.csv,11/21/2022 3:00,56.4
7.csv,11/21/2022 4:00,55.8
7.csv,11/21/2022 5:00,59.1
7.csv,11/21/2022 6:00,63.2
7.csv,11/21/2022 7:00,67.2
7.csv,11/21/2022 8:00,69.6
7.csv,11/21/2022 9:00,69.6
7.csv,11/21/2022 10:00,71.3
7.csv,11/21/2022 11:00,68.5
7.csv,11/21/2022 12:00,67.3
7.csv,11/21/2022 13:00,67.7
7.csv,11/21/2022 14:00,67.5
7.csv,11/21/2022 15:00,67.5
7.csv,11/21/2022 16:00,68.3
7.csv,11/21/2022 17:00,67.7
7.csv,11/21/2022 18:00,67.3
7.csv,11/21/2022 19:00,67.5
7.csv,11/21/2022 20:00,67.2
7.csv,11/21/2022 21:00,66
7.csv,11/21/2022 22:00,65.2
7.csv,11/21/2022 23:00,64.2
7.csv,11/22/2022 0:00,65.9
7.csv,11/22/2022 1:00,59.8
7.csv,11/22/2022 2:00,56.1
7.csv,11/22/2022 3:00,56.1
7.csv,11/22/2022 4:00,57
7.csv,11/22/2022 5:00,57.8
7.csv,11/22/2022 6:00,61.9
7.csv,11/22/2022 7:00,65.5
7.csv,11/22/2022 8:00,67.2
7.csv,11/22/2022 9:00,67.9
7.csv,11/22/2022 10:00,68.4
7.csv,11/22/2022 11:00,67
7.csv,11/22/2022 12:00,67.6
7.csv,11/22/2022 13:00,66.9
7.csv,11/22/2022 14:00,67.1
7.csv,11/22/2022 15:00,67.5
7.csv,11/22/2022 16:00,67.9
7.csv,11/22/2022 17:00,67.5
7.csv,11/22/2022 18:00,67.3
7.csv,11/22/2022 19:00,67.7
7.csv,11/22/2022 20:00,67.7
7.csv,11/22/2022 21:00,67.1
7.csv,11/22/2022 22:00,66.3
7.csv,11/22/2022 23:00,64.6
7.csv,11/23/2022 0:00,62.7
7.csv,11/23/2022 1:00,59.7
7.csv,11/23/2022 2:00,57.9
7.csv,11/23/2022 3:00,57.5
7.csv,11/23/2022 4:00,57.9
7.csv,11/23/2022 5:00,58.7
7.csv,11/23/2022 6:00,60.9
7.csv,11/23/2022 7:00,64.8
7.csv,11/23/2022 8:00,66.6
7.csv,11/23/2022 9:00,67.1
7.csv,11/23/2022 10:00,68.5
7.csv,11/23/2022 11:00,66.8
7.csv,11/23/2022 12:00,66.3
7.csv,11/23/2022 13:00,65.6
7.csv,11/23/2022 14:00,65.8
7.csv,11/23/2022 15:00,66
7.csv,11/23/2022 16:00,66.9
7.csv,11/23/2022 17:00,68.5
7.csv,11/23/2022 18:00,67.7
7.csv,11/23/2022 19:00,67.8
7.csv,11/23/2022 20:00,67.4
7.csv,11/23/2022 21:00,66.4
7.csv,11/23/2022 22:00,65.6
7.csv,11/23/2022 23:00,63.7
7.csv,11/24/2022 0:00,62.9
7.csv,11/24/2022 1:00,60.7
7.csv,11/24/2022 2:00,58.3
7.csv,11/24/2022 3:00,56.9
7.csv,11/24/2022 4:00,56
7.csv,11/24/2022 5:00,58
7.csv,11/24/2022 6:00,61.2
7.csv,11/24/2022 7:00,65.4
7.csv,11/24/2022 8:00,67.4
7.csv,11/24/2022 9:00,68.3
7.csv,11/24/2022 10:00,70.7
7.csv,11/24/2022 11:00,68.3
7.csv,11/24/2022 12:00,67.3
7.csv,11/24/2022 13:00,65.9
7.csv,11/24/2022 14:00,65.5
7.csv,11/24/2022 15:00,66.1
7.csv,11/24/2022 16:00,68.6
7.csv,11/24/2022 17:00,68.6
7.csv,11/24/2022 18:00,68.8
7.csv,11/24/2022 19:00,68.6
7.csv,11/24/2022 20:00,68.1
7.csv,11/24/2022 21:00,66.7
7.csv,11/24/2022 22:00,65
7.csv,11/24/2022 23:00,63.8
7.csv,11/25/2022 0:00,64.3
7.csv,11/25/2022 1:00,62.6
7.csv,11/25/2022 2:00,58.6
7.csv,11/25/2022 3:00,57.8
7.csv,11/25/2022 4:00,57.2
7.csv,11/25/2022 5:00,59
7.csv,11/25/2022 6:00,60.9
7.csv,11/25/2022 7:00,64.2
7.csv,11/25/2022 8:00,66.2
7.csv,11/25/2022 9:00,67.6
7.csv,11/25/2022 10:00,66.6
7.csv,11/25/2022 11:00,65.8
7.csv,11/25/2022 12:00,65.4
7.csv,11/25/2022 13:00,65.1
7.csv,11/25/2022 14:00,65.2
7.csv,11/25/2022 15:00,65.9
7.csv,11/25/2022 16:00,67
7.csv,11/25/2022 17:00,67.7
7.csv,11/25/2022 18:00,68.1
7.csv,11/25/2022 19:00,67.3
7.csv,11/25/2022 20:00,66.6
7.csv,11/25/2022 21:00,65.8
7.csv,11/25/2022 22:00,65
7.csv,11/25/2022 23:00,63.3
7.csv,11/26/2022 0:00,61.9
7.csv,11/26/2022 1:00,60.7
7.csv,11/26/2022 2:00,58.9
7.csv,11/26/2022 3:00,58.3
7.csv,11/26/2022 4:00,57.9
7.csv,11/26/2022 5:00,58.7
7.csv,11/26/2022 6:00,59.4
7.csv,11/26/2022 7:00,61.2
7.csv,11/26/2022 8:00,63
7.csv,11/26/2022 9:00,64.4
7.csv,11/26/2022 10:00,65.8
7.csv,11/26/2022 11:00,66.7
7.csv,11/26/2022 12:00,66.6
7.csv,11/26/2022 13:00,66.8
7.csv,11/26/2022 14:00,67.6
7.csv,11/26/2022 15:00,67.2
7.csv,11/26/2022 16:00,67.2
7.csv,11/26/2022 17:00,67.6
7.csv,11/26/2022 18:00,67.1
7.csv,11/26/2022 19:00,67.5
7.csv,11/26/2022 20:00,66.7
7.csv,11/26/2022 21:00,66.5
7.csv,11/26/2022 22:00,63.8
7.csv,11/26/2022 23:00,61.9
7.csv,11/27/2022 0:00,61.5
7.csv,11/27/2022 1:00,60.7
7.csv,11/27/2022 2:00,62.1
7.csv,11/27/2022 3:00,59.2
7.csv,11/27/2022 4:00,59.7
7.csv,11/27/2022 5:00,59.1
7.csv,11/27/2022 6:00,57.1
7.csv,11/27/2022 7:00,58.7
7.csv,11/27/2022 8:00,62.1
7.csv,11/27/2022 9:00,63
7.csv,11/27/2022 10:00,64.3
7.csv,11/27/2022 11:00,65.6
7.csv,11/27/2022 12:00,66.1
7.csv,11/27/2022 13:00,67.6
7.csv,11/27/2022 14:00,66.4
7.csv,11/27/2022 15:00,66.1
7.csv,11/27/2022 16:00,66.7
7.csv,11/27/2022 17:00,66.7
7.csv,11/27/2022 18:00,67
7.csv,11/27/2022 19:00,66.4
7.csv,11/27/2022 20:00,66.8
7.csv,11/27/2022 21:00,66.1
7.csv,11/27/2022 22:00,65.1
7.csv,11/27/2022 23:00,64.3
7.csv,11/28/2022 0:00,64.1
7.csv,11/28/2022 1:00,59.9
7.csv,11/28/2022 2:00,57.4
7.csv,11/28/2022 3:00,56.6
7.csv,11/28/2022 4:00,54.7
7.csv,11/28/2022 5:00,56.6
7.csv,11/28/2022 6:00,60.3
7.csv,11/28/2022 7:00,64.4
7.csv,11/28/2022 8:00,65.7
7.csv,11/28/2022 9:00,67.8
7.csv,11/28/2022 10:00,67.8
7.csv,11/28/2022 11:00,66.4
7.csv,11/28/2022 12:00,66.6
7.csv,11/28/2022 13:00,66.7
7.csv,11/28/2022 14:00,67.4
7.csv,11/28/2022 15:00,67.1
7.csv,11/28/2022 16:00,67.7
7.csv,11/28/2022 17:00,68.2
7.csv,11/28/2022 18:00,68.1
7.csv,11/28/2022 19:00,68
7.csv,11/28/2022 20:00,67.9
7.csv,11/28/2022 21:00,66.2
7.csv,11/28/2022 22:00,66
7.csv,11/28/2022 23:00,63.4
7.csv,11/29/2022 0:00,61.6
7.csv,11/29/2022 1:00,59.8
7.csv,11/29/2022 2:00,57.4
7.csv,11/29/2022 3:00,56
7.csv,11/29/2022 4:00,55.2
7.csv,11/29/2022 5:00,57.8
7.csv,11/29/2022 6:00,61.6
7.csv,11/29/2022 7:00,65.2
7.csv,11/29/2022 8:00,67.5
7.csv,11/29/2022 9:00,68.8
7.csv,11/29/2022 10:00,68.2
7.csv,11/29/2022 11:00,67.1
7.csv,11/29/2022 12:00,67.2
7.csv,11/29/2022 13:00,67.2
7.csv,11/29/2022 14:00,67.9
7.csv,11/29/2022 15:00,67.8
7.csv,11/29/2022 16:00,68.1
7.csv,11/29/2022 17:00,68.2
7.csv,11/29/2022 18:00,68.7
7.csv,11/29/2022 19:00,68.6
7.csv,11/29/2022 20:00,68
7.csv,11/29/2022 21:00,67.4
7.csv,11/29/2022 22:00,66.3
7.csv,11/29/2022 23:00,64.8
7.csv,11/30/2022 0:00,62.9
7.csv,11/30/2022 1:00,60.1
7.csv,11/30/2022 2:00,58.6
7.csv,11/30/2022 3:00,57.5
7.csv,11/30/2022 4:00,56.5
7.csv,11/30/2022 5:00,60.1
7.csv,11/30/2022 6:00,61.5
7.csv,11/30/2022 7:00,65.3
7.csv,11/30/2022 8:00,67.2
7.csv,11/30/2022 9:00,68.4
7.csv,11/30/2022 10:00,68.5
7.csv,11/30/2022 11:00,67.6
7.csv,11/30/2022 12:00,67
7.csv,11/30/2022 13:00,67.4
7.csv,11/30/2022 14:00,68
7.csv,11/30/2022 15:00,67.8
7.csv,11/30/2022 16:00,68.2
7.csv,11/30/2022 17:00,68.1
7.csv,11/30/2022 18:00,68.2
7.csv,11/30/2022 19:00,68.1
7.csv,11/30/2022 20:00,67.4
7.csv,11/30/2022 21:00,66.3
7.csv,11/30/2022 22:00,66.2
7.csv,11/30/2022 23:00,64.1
8.csv,12/1/2022 1:00,60
8.csv,12/1/2022 2:00,57.4
8.csv,12/1/2022 3:00,55.3
8.csv,12/1/2022 4:00,55.1
8.csv,12/1/2022 5:00,56.8
8.csv,12/1/2022 6:00,60.5
8.csv,12/1/2022 7:00,64.2
8.csv,12/1/2022 8:00,66.5
8.csv,12/1/2022 9:00,68
8.csv,12/1/2022 10:00,67.8
8.csv,12/1/2022 11:00,66.8
8.csv,12/1/2022 12:00,66.3
8.csv,12/1/2022 13:00,65.8
8.csv,12/1/2022 14:00,66.3
8.csv,12/1/2022 15:00,66.4
8.csv,12/1/2022 16:00,67.6
8.csv,12/1/2022 17:00,67.7
8.csv,12/1/2022 18:00,67.3
8.csv,12/1/2022 19:00,67.2
8.csv,12/1/2022 20:00,66.8
8.csv,12/1/2022 21:00,66
8.csv,12/1/2022 22:00,64.8
8.csv,12/1/2022 23:00,63.8
8.csv,12/2/2022 0:00,63.1
8.csv,12/2/2022 1:00,60.7
8.csv,12/2/2022 2:00,60.2
8.csv,12/2/2022 3:00,60.2
8.csv,12/2/2022 4:00,60.1
8.csv,12/2/2022 5:00,60.4
8.csv,12/2/2022 6:00,61.9
8.csv,12/2/2022 7:00,65.4
8.csv,12/2/2022 8:00,67.4
8.csv,12/2/2022 9:00,68.7
8.csv,12/2/2022 10:00,68.5
8.csv,12/2/2022 11:00,67.8
8.csv,12/2/2022 12:00,67
8.csv,12/2/2022 13:00,66.7
8.csv,12/2/2022 14:00,66.9
8.csv,12/2/2022 15:00,67.4
8.csv,12/2/2022 16:00,67.9
8.csv,12/2/2022 17:00,67.7
8.csv,12/2/2022 18:00,67.8
8.csv,12/2/2022 19:00,68.2
8.csv,12/2/2022 20:00,67.1
8.csv,12/2/2022 21:00,67.3
8.csv,12/2/2022 22:00,65.7
8.csv,12/2/2022 23:00,64
8.csv,12/3/2022 0:00,63.4
8.csv,12/3/2022 1:00,61.8
8.csv,12/3/2022 2:00,60
8.csv,12/3/2022 3:00,59.8
8.csv,12/3/2022 4:00,59.4
8.csv,12/3/2022 5:00,59.2
8.csv,12/3/2022 6:00,59.8
8.csv,12/3/2022 7:00,60.9
8.csv,12/3/2022 8:00,63.2
8.csv,12/3/2022 9:00,64.3
8.csv,12/3/2022 10:00,66.5
8.csv,12/3/2022 11:00,66.8
8.csv,12/3/2022 12:00,67.7
8.csv,12/3/2022 13:00,67.5
8.csv,12/3/2022 14:00,68.1
8.csv,12/3/2022 15:00,68
8.csv,12/3/2022 16:00,68.2
8.csv,12/3/2022 17:00,68
8.csv,12/3/2022 18:00,67.8
8.csv,12/3/2022 19:00,67.9
8.csv,12/3/2022 20:00,68.2
8.csv,12/3/2022 21:00,67.9
8.csv,12/3/2022 22:00,67.2
8.csv,12/3/2022 23:00,65.9
8.csv,12/4/2022 0:00,64
8.csv,12/4/2022 1:00,63.1
8.csv,12/4/2022 2:00,62.9
8.csv,12/4/2022 3:00,62.4
8.csv,12/4/2022 4:00,61.9
8.csv,12/4/2022 5:00,60.7
8.csv,12/4/2022 6:00,59.3
8.csv,12/4/2022 7:00,60.7
8.csv,12/4/2022 8:00,63.8
8.csv,12/4/2022 9:00,65.6
8.csv,12/4/2022 10:00,67.4
8.csv,12/4/2022 11:00,69
8.csv,12/4/2022 12:00,69.1
8.csv,12/4/2022 13:00,70.1
8.csv,12/4/2022 14:00,69.9
8.csv,12/4/2022 15:00,69.8
8.csv,12/4/2022 16:00,69.4
8.csv,12/4/2022 17:00,69.7
8.csv,12/4/2022 18:00,69
8.csv,12/4/2022 19:00,68.3
8.csv,12/4/2022 20:00,67.3
8.csv,12/4/2022 21:00,67.3
8.csv,12/4/2022 22:00,66.9
8.csv,12/4/2022 23:00,65.1
8.csv,12/5/2022 0:00,63.9
8.csv,12/5/2022 1:00,61.5
8.csv,12/5/2022 2:00,59.8
8.csv,12/5/2022 3:00,58.5
8.csv,12/5/2022 4:00,57.9
8.csv,12/5/2022 5:00,59.9
8.csv,12/5/2022 6:00,63.1
8.csv,12/5/2022 7:00,66.5
8.csv,12/5/2022 8:00,68.8
8.csv,12/5/2022 9:00,73.9
8.csv,12/5/2022 10:00,70.2
8.csv,12/5/2022 11:00,68.3
8.csv,12/5/2022 12:00,68.7
8.csv,12/5/2022 13:00,69.5
8.csv,12/5/2022 14:00,69.7
8.csv,12/5/2022 15:00,69.8
8.csv,12/5/2022 16:00,71.2
8.csv,12/5/2022 17:00,70.1
8.csv,12/5/2022 18:00,70.1
8.csv,12/5/2022 19:00,69.2
8.csv,12/5/2022 20:00,68.7
8.csv,12/5/2022 21:00,67.3
8.csv,12/5/2022 22:00,67.6
8.csv,12/5/2022 23:00,65.8
8.csv,12/6/2022 0:00,63.6
8.csv,12/6/2022 1:00,61.4
8.csv,12/6/2022 2:00,58.7
8.csv,12/6/2022 3:00,57.6
8.csv,12/6/2022 4:00,57.7
8.csv,12/6/2022 5:00,58.5
8.csv,12/6/2022 6:00,62.4
8.csv,12/6/2022 7:00,66
8.csv,12/6/2022 8:00,70.8
8.csv,12/6/2022 9:00,69.5
8.csv,12/6/2022 10:00,68.2
8.csv,12/6/2022 11:00,67.4
8.csv,12/6/2022 12:00,66.8
8.csv,12/6/2022 13:00,67.9
8.csv,12/6/2022 14:00,68.8
8.csv,12/6/2022 15:00,68.8
8.csv,12/6/2022 16:00,69.3
8.csv,12/6/2022 17:00,69.3
8.csv,12/6/2022 18:00,68.7
8.csv,12/6/2022 19:00,68.7
8.csv,12/6/2022 20:00,68.3
8.csv,12/6/2022 21:00,67.7
8.csv,12/6/2022 22:00,66.9
8.csv,12/6/2022 23:00,65.3
8.csv,12/7/2022 0:00,62.5
8.csv,12/7/2022 1:00,60.9
8.csv,12/7/2022 2:00,57.7
8.csv,12/7/2022 3:00,55.9
8.csv,12/7/2022 4:00,57
8.csv,12/7/2022 5:00,58.1
8.csv,12/7/2022 6:00,62.1
8.csv,12/7/2022 7:00,65.7
8.csv,12/7/2022 8:00,67.3
8.csv,12/7/2022 9:00,68.7
8.csv,12/7/2022 10:00,68.7
8.csv,12/7/2022 11:00,67.6
8.csv,12/7/2022 12:00,66
8.csv,12/7/2022 13:00,66.1
8.csv,12/7/2022 14:00,66.6
8.csv,12/7/2022 15:00,66.9
8.csv,12/7/2022 16:00,68.1
8.csv,12/7/2022 17:00,68.3
8.csv,12/7/2022 18:00,68.4
8.csv,12/7/2022 19:00,67.7
8.csv,12/7/2022 20:00,67.7
8.csv,12/7/2022 21:00,66.6
8.csv,12/7/2022 22:00,66
8.csv,12/7/2022 23:00,65.3
8.csv,12/8/2022 0:00,62.6
8.csv,12/8/2022 1:00,60.1
8.csv,12/8/2022 2:00,57.9
8.csv,12/8/2022 3:00,57.3
8.csv,12/8/2022 4:00,57.8
8.csv,12/8/2022 5:00,58.2
8.csv,12/8/2022 6:00,62.8
8.csv,12/8/2022 7:00,65.4
8.csv,12/8/2022 8:00,66.6
8.csv,12/8/2022 9:00,68.1
8.csv,12/8/2022 10:00,68.6
8.csv,12/8/2022 11:00,67.4
8.csv,12/8/2022 12:00,66.9
8.csv,12/8/2022 13:00,66.9
8.csv,12/8/2022 14:00,67.1
8.csv,12/8/2022 15:00,67.4
8.csv,12/8/2022 16:00,68.4
8.csv,12/8/2022 17:00,68.9
8.csv,12/8/2022 18:00,68.4
8.csv,12/8/2022 19:00,68.8
8.csv,12/8/2022 20:00,68.2
8.csv,12/8/2022 21:00,67.4
8.csv,12/8/2022 22:00,67.2
8.csv,12/8/2022 23:00,64.4
8.csv,12/9/2022 0:00,65
8.csv,12/9/2022 1:00,61.9
8.csv,12/9/2022 2:00,59.5
8.csv,12/9/2022 3:00,57.5
8.csv,12/9/2022 4:00,56.4
8.csv,12/9/2022 5:00,56.6
8.csv,12/9/2022 6:00,59.2
8.csv,12/9/2022 7:00,62.3
8.csv,12/9/2022 8:00,63.8
8.csv,12/9/2022 9:00,64.8
8.csv,12/9/2022 10:00,65.4
8.csv,12/9/2022 11:00,65.2
8.csv,12/9/2022 12:00,66.3
8.csv,12/9/2022 13:00,67
8.csv,12/9/2022 14:00,67.5
8.csv,12/9/2022 15:00,69.2
8.csv,12/9/2022 16:00,67.8
8.csv,12/9/2022 17:00,67.4
8.csv,12/9/2022 18:00,67.4
8.csv,12/9/2022 19:00,67.1
8.csv,12/9/2022 20:00,66.1
8.csv,12/9/2022 21:00,65.6
8.csv,12/9/2022 22:00,64.6
8.csv,12/9/2022 23:00,64.2
8.csv,12/10/2022 0:00,62.4
8.csv,12/10/2022 1:00,61.3
8.csv,12/10/2022 2:00,60.4
8.csv,12/10/2022 3:00,59.7
8.csv,12/10/2022 4:00,60.3
8.csv,12/10/2022 5:00,58.9
8.csv,12/10/2022 6:00,58.2
8.csv,12/10/2022 7:00,60.1
8.csv,12/10/2022 8:00,62.5
8.csv,12/10/2022 9:00,64.8
8.csv,12/10/2022 10:00,66
8.csv,12/10/2022 11:00,66.3
8.csv,12/10/2022 12:00,67.8
8.csv,12/10/2022 13:00,68.1
8.csv,12/10/2022 14:00,68.1
8.csv,12/10/2022 15:00,67.7
8.csv,12/10/2022 16:00,68.5
8.csv,12/10/2022 17:00,67.4
8.csv,12/10/2022 18:00,67.7
8.csv,12/10/2022 19:00,67.2
8.csv,12/10/2022 20:00,66.7
8.csv,12/10/2022 21:00,66.3
8.csv,12/10/2022 22:00,64.9
8.csv,12/10/2022 23:00,64.9
8.csv,12/11/2022 0:00,62.9
8.csv,12/11/2022 1:00,62.9
8.csv,12/11/2022 2:00,63.8
8.csv,12/11/2022 3:00,63.1
8.csv,12/11/2022 4:00,61.9
8.csv,12/11/2022 5:00,61.7
8.csv,12/11/2022 6:00,60.4
8.csv,12/11/2022 7:00,61.9
8.csv,12/11/2022 8:00,62.6
8.csv,12/11/2022 9:00,63.9
8.csv,12/11/2022 10:00,66.3
8.csv,12/11/2022 11:00,67.7
8.csv,12/11/2022 12:00,68.4
8.csv,12/11/2022 13:00,68.2
8.csv,12/11/2022 14:00,67.9
8.csv,12/11/2022 15:00,67
8.csv,12/11/2022 16:00,68
8.csv,12/11/2022 17:00,68.7
8.csv,12/11/2022 18:00,67.4
8.csv,12/11/2022 19:00,67.3
8.csv,12/11/2022 20:00,67.5
8.csv,12/11/2022 21:00,65.6
8.csv,12/11/2022 22:00,64.4
8.csv,12/11/2022 23:00,63.2
8.csv,12/12/2022 0:00,61.7
8.csv,12/12/2022 1:00,59.7
8.csv,12/12/2022 2:00,58.9
8.csv,12/12/2022 3:00,57.7
8.csv,12/12/2022 4:00,56.5
8.csv,12/12/2022 5:00,57
8.csv,12/12/2022 6:00,61.6
8.csv,12/12/2022 7:00,64.6
8.csv,12/12/2022 8:00,66.6
8.csv,12/12/2022 9:00,68.9
8.csv,12/12/2022 10:00,68.5
8.csv,12/12/2022 11:00,67.6
8.csv,12/12/2022 12:00,68
8.csv,12/12/2022 13:00,67.9
8.csv,12/12/2022 14:00,68.6
8.csv,12/12/2022 15:00,68.6
8.csv,12/12/2022 16:00,69.4
8.csv,12/12/2022 17:00,68.9
8.csv,12/12/2022 18:00,69.2
8.csv,12/12/2022 19:00,68.5
8.csv,12/12/2022 20:00,67.8
8.csv,12/12/2022 21:00,67.1
8.csv,12/12/2022 22:00,65.9
8.csv,12/12/2022 23:00,64.4
8.csv,12/13/2022 0:00,63
8.csv,12/13/2022 1:00,59.7
8.csv,12/13/2022 2:00,57.6
8.csv,12/13/2022 3:00,58.2
8.csv,12/13/2022 4:00,57.1
8.csv,12/13/2022 5:00,58.6
8.csv,12/13/2022 6:00,63
8.csv,12/13/2022 7:00,66.7
8.csv,12/13/2022 8:00,67.9
8.csv,12/13/2022 9:00,69.4
8.csv,12/13/2022 10:00,69
8.csv,12/13/2022 11:00,67.7
8.csv,12/13/2022 12:00,68
8.csv,12/13/2022 13:00,68.4
8.csv,12/13/2022 14:00,68.3
8.csv,12/13/2022 15:00,68.4
8.csv,12/13/2022 16:00,69
8.csv,12/13/2022 17:00,69.1
8.csv,12/13/2022 18:00,68.4
8.csv,12/13/2022 19:00,67.8
8.csv,12/13/2022 20:00,67.2
8.csv,12/13/2022 21:00,66.8
8.csv,12/13/2022 22:00,65.8
8.csv,12/13/2022 23:00,64.6
8.csv,12/14/2022 0:00,62
8.csv,12/14/2022 1:00,60.7
8.csv,12/14/2022 2:00,57.8
8.csv,12/14/2022 3:00,57.1
8.csv,12/14/2022 4:00,55.9
8.csv,12/14/2022 5:00,58.6
8.csv,12/14/2022 6:00,61.4
8.csv,12/14/2022 7:00,65.3
8.csv,12/14/2022 8:00,67.1
8.csv,12/14/2022 9:00,68.6
8.csv,12/14/2022 10:00,68.4
8.csv,12/14/2022 11:00,67.9
8.csv,12/14/2022 12:00,67.9
8.csv,12/14/2022 13:00,67.5
8.csv,12/14/2022 14:00,69.3
8.csv,12/14/2022 15:00,68.2
8.csv,12/14/2022 16:00,68.4
8.csv,12/14/2022 17:00,68.6
8.csv,12/14/2022 18:00,68.7
8.csv,12/14/2022 19:00,68.3
8.csv,12/14/2022 20:00,68.5
8.csv,12/14/2022 21:00,66.5
8.csv,12/14/2022 22:00,66.4
8.csv,12/14/2022 23:00,64.8
8.csv,12/15/2022 0:00,62.5
8.csv,12/15/2022 1:00,61.4
8.csv,12/15/2022 2:00,59.1
8.csv,12/15/2022 3:00,57.7
8.csv,12/15/2022 4:00,56.9
8.csv,12/15/2022 5:00,58.5
8.csv,12/15/2022 6:00,61.4
8.csv,12/15/2022 7:00,65.4
8.csv,12/15/2022 8:00,67.4
8.csv,12/15/2022 9:00,68.7
8.csv,12/15/2022 10:00,68.8
8.csv,12/15/2022 11:00,68.4
8.csv,12/15/2022 12:00,67.3
8.csv,12/15/2022 13:00,67
8.csv,12/15/2022 14:00,67.3
8.csv,12/15/2022 15:00,67.3
8.csv,12/15/2022 16:00,68.5
8.csv,12/15/2022 17:00,69.4
8.csv,12/15/2022 18:00,68.7
8.csv,12/15/2022 19:00,68.5
8.csv,12/15/2022 20:00,68.3
8.csv,12/15/2022 21:00,67.3
8.csv,12/15/2022 22:00,67.2
8.csv,12/15/2022 23:00,65.1
8.csv,12/16/2022 0:00,64.1
8.csv,12/16/2022 1:00,61.1
8.csv,12/16/2022 2:00,59.6
8.csv,12/16/2022 3:00,59.2
8.csv,12/16/2022 4:00,58.7
8.csv,12/16/2022 5:00,59
8.csv,12/16/2022 6:00,61.1
8.csv,12/16/2022 7:00,65.1
8.csv,12/16/2022 8:00,66.8
8.csv,12/16/2022 9:00,68.5
8.csv,12/16/2022 10:00,68.4
8.csv,12/16/2022 11:00,67.3
8.csv,12/16/2022 12:00,67.2
8.csv,12/16/2022 13:00,66.9
8.csv,12/16/2022 14:00,66.8
8.csv,12/16/2022 15:00,67
8.csv,12/16/2022 16:00,67.9
8.csv,12/16/2022 17:00,68
8.csv,12/16/2022 18:00,68.2
8.csv,12/16/2022 19:00,67.7
8.csv,12/16/2022 20:00,67.3
8.csv,12/16/2022 21:00,67.2
8.csv,12/16/2022 22:00,65.9
8.csv,12/16/2022 23:00,65.1
8.csv,12/17/2022 0:00,63.7
8.csv,12/17/2022 1:00,62
8.csv,12/17/2022 2:00,61.4
8.csv,12/17/2022 3:00,61.3
8.csv,12/17/2022 4:00,61.1
8.csv,12/17/2022 5:00,59.9
8.csv,12/17/2022 6:00,59.2
8.csv,12/17/2022 7:00,61.2
8.csv,12/17/2022 8:00,63.1
8.csv,12/17/2022 9:00,65.4
8.csv,12/17/2022 10:00,67.1
8.csv,12/17/2022 11:00,68.2
8.csv,12/17/2022 12:00,68.5
8.csv,12/17/2022 13:00,67.2
8.csv,12/17/2022 14:00,70.2
8.csv,12/17/2022 15:00,66.9
8.csv,12/17/2022 16:00,67.1
8.csv,12/17/2022 17:00,67.6
8.csv,12/17/2022 18:00,68.6
8.csv,12/17/2022 19:00,68.9
8.csv,12/17/2022 20:00,68.6
8.csv,12/17/2022 21:00,68.1
8.csv,12/17/2022 22:00,67.7
8.csv,12/17/2022 23:00,65
8.csv,12/18/2022 0:00,63.9
8.csv,12/18/2022 1:00,62.9
8.csv,12/18/2022 2:00,62.7
8.csv,12/18/2022 3:00,62.5
8.csv,12/18/2022 4:00,62.1
8.csv,12/18/2022 5:00,60
8.csv,12/18/2022 6:00,59.6
8.csv,12/18/2022 7:00,61.7
8.csv,12/18/2022 8:00,63.6
8.csv,12/18/2022 9:00,65.2
8.csv,12/18/2022 10:00,66.4
8.csv,12/18/2022 11:00,67.9
8.csv,12/18/2022 12:00,68.9
8.csv,12/18/2022 13:00,69.6
8.csv,12/18/2022 14:00,69.4
8.csv,12/18/2022 15:00,68.8
8.csv,12/18/2022 16:00,68.3
8.csv,12/18/2022 17:00,67.3
8.csv,12/18/2022 18:00,67.1
8.csv,12/18/2022 19:00,67.6
8.csv,12/18/2022 20:00,67.3
8.csv,12/18/2022 21:00,66.2
8.csv,12/18/2022 22:00,65
8.csv,12/18/2022 23:00,63.9
8.csv,12/19/2022 0:00,62.8
8.csv,12/19/2022 1:00,60.9
8.csv,12/19/2022 2:00,58.8
8.csv,12/19/2022 3:00,57.5
8.csv,12/19/2022 4:00,56.7
8.csv,12/19/2022 5:00,58.4
8.csv,12/19/2022 6:00,61.3
8.csv,12/19/2022 7:00,64.8
8.csv,12/19/2022 8:00,67.1
8.csv,12/19/2022 9:00,68.8
8.csv,12/19/2022 10:00,67
8.csv,12/19/2022 11:00,67.7
8.csv,12/19/2022 12:00,68.1
8.csv,12/19/2022 13:00,67
8.csv,12/19/2022 14:00,66.9
8.csv,12/19/2022 15:00,66.7
8.csv,12/19/2022 16:00,72.2
8.csv,12/19/2022 17:00,67.4
8.csv,12/19/2022 18:00,67.9
8.csv,12/19/2022 19:00,67.6
8.csv,12/19/2022 20:00,66.9
8.csv,12/19/2022 21:00,65.8
8.csv,12/19/2022 22:00,64.1
8.csv,12/19/2022 23:00,63.9
8.csv,12/20/2022 0:00,61.5
8.csv,12/20/2022 1:00,59.1
8.csv,12/20/2022 2:00,57.3
8.csv,12/20/2022 3:00,54.3
8.csv,12/20/2022 4:00,55.4
8.csv,12/20/2022 5:00,56.9
8.csv,12/20/2022 6:00,60.3
8.csv,12/20/2022 7:00,64
8.csv,12/20/2022 8:00,66.4
8.csv,12/20/2022 9:00,67.7
8.csv,12/20/2022 10:00,67.3
8.csv,12/20/2022 11:00,66.2
8.csv,12/20/2022 12:00,65.3
8.csv,12/20/2022 13:00,65.2
8.csv,12/20/2022 14:00,65.1
8.csv,12/20/2022 15:00,65.7
8.csv,12/20/2022 16:00,66.6
8.csv,12/20/2022 17:00,68.3
8.csv,12/20/2022 18:00,66.8
8.csv,12/20/2022 19:00,67.3
8.csv,12/20/2022 20:00,66.6
8.csv,12/20/2022 21:00,65.9
8.csv,12/20/2022 22:00,64.2
8.csv,12/20/2022 23:00,62.8
8.csv,12/21/2022 0:00,61.9
8.csv,12/21/2022 1:00,58.3
8.csv,12/21/2022 2:00,57.5
8.csv,12/21/2022 3:00,55.5
8.csv,12/21/2022 4:00,55.2
8.csv,12/21/2022 5:00,57.5
8.csv,12/21/2022 6:00,60.7
8.csv,12/21/2022 7:00,63.5
8.csv,12/21/2022 8:00,65.3
8.csv,12/21/2022 9:00,66.7
8.csv,12/21/2022 10:00,66.6
8.csv,12/21/2022 11:00,65.6
8.csv,12/21/2022 12:00,65.5
8.csv,12/21/2022 13:00,66.4
8.csv,12/21/2022 14:00,65.6
8.csv,12/21/2022 15:00,65.5
8.csv,12/21/2022 16:00,66.7
8.csv,12/21/2022 17:00,67.4
8.csv,12/21/2022 18:00,67.3
8.csv,12/21/2022 19:00,67.2
8.csv,12/21/2022 20:00,66.6
8.csv,12/21/2022 21:00,65.9
8.csv,12/21/2022 22:00,65.2
8.csv,12/21/2022 23:00,63.8
8.csv,12/22/2022 0:00,63.4
8.csv,12/22/2022 1:00,59.8
8.csv,12/22/2022 2:00,57.7
8.csv,12/22/2022 3:00,56.5
8.csv,12/22/2022 4:00,56.2
8.csv,12/22/2022 5:00,58.1
8.csv,12/22/2022 6:00,61.6
8.csv,12/22/2022 7:00,64.5
8.csv,12/22/2022 8:00,67.1
8.csv,12/22/2022 9:00,68.6
8.csv,12/22/2022 10:00,68.4
8.csv,12/22/2022 11:00,67.7
8.csv,12/22/2022 12:00,67.8
8.csv,12/22/2022 13:00,68
8.csv,12/22/2022 14:00,68.1
8.csv,12/22/2022 15:00,67.8
8.csv,12/22/2022 16:00,67.5
8.csv,12/22/2022 17:00,67.5
8.csv,12/22/2022 18:00,67.6
8.csv,12/22/2022 19:00,67.5
8.csv,12/22/2022 20:00,66.8
8.csv,12/22/2022 21:00,66.9
8.csv,12/22/2022 22:00,65.8
8.csv,12/22/2022 23:00,65
8.csv,12/23/2022 0:00,66
8.csv,12/23/2022 1:00,62.2
8.csv,12/23/2022 2:00,61
8.csv,12/23/2022 3:00,59.5
8.csv,12/23/2022 4:00,59.4
8.csv,12/23/2022 5:00,59.2
8.csv,12/23/2022 6:00,62
8.csv,12/23/2022 7:00,64.2
8.csv,12/23/2022 8:00,67.4
8.csv,12/23/2022 9:00,69.4
8.csv,12/23/2022 10:00,69.8
8.csv,12/23/2022 11:00,70.2
8.csv,12/23/2022 12:00,69.7
8.csv,12/23/2022 13:00,70.1
8.csv,12/23/2022 14:00,68.9
8.csv,12/23/2022 15:00,68.6
8.csv,12/23/2022 16:00,68.5
8.csv,12/23/2022 17:00,68.4
8.csv,12/23/2022 18:00,68
8.csv,12/23/2022 19:00,68
8.csv,12/23/2022 20:00,67.7
8.csv,12/23/2022 21:00,67.1
8.csv,12/23/2022 22:00,65.6
8.csv,12/23/2022 23:00,64
8.csv,12/24/2022 0:00,63.2
8.csv,12/24/2022 1:00,62.6
8.csv,12/24/2022 2:00,60.9
8.csv,12/24/2022 3:00,60.4
8.csv,12/24/2022 4:00,59.6
8.csv,12/24/2022 5:00,58.6
8.csv,12/24/2022 6:00,59.6
8.csv,12/24/2022 7:00,60.3
8.csv,12/24/2022 8:00,63.4
8.csv,12/24/2022 9:00,64.5
8.csv,12/24/2022 10:00,66.1
8.csv,12/24/2022 11:00,66.8
8.csv,12/24/2022 12:00,66.3
8.csv,12/24/2022 13:00,67.4
8.csv,12/24/2022 14:00,69
8.csv,12/24/2022 15:00,68.8
8.csv,12/24/2022 16:00,68.9
8.csv,12/24/2022 17:00,68.9
8.csv,12/24/2022 18:00,67.5
8.csv,12/24/2022 19:00,67.5
8.csv,12/24/2022 20:00,67.7
8.csv,12/24/2022 21:00,66.2
8.csv,12/24/2022 22:00,65.9
8.csv,12/24/2022 23:00,63.8
8.csv,12/25/2022 0:00,62.3
8.csv,12/25/2022 1:00,61.8
8.csv,12/25/2022 2:00,58.6
8.csv,12/25/2022 3:00,54.4
8.csv,12/25/2022 4:00,55.6
8.csv,12/25/2022 5:00,54.8
8.csv,12/25/2022 6:00,52.8
8.csv,12/25/2022 7:00,59.2
8.csv,12/25/2022 8:00,60.7
8.csv,12/25/2022 9:00,60.9
8.csv,12/25/2022 10:00,62.5
8.csv,12/25/2022 11:00,65
8.csv,12/25/2022 12:00,66.2
8.csv,12/25/2022 13:00,66.1
8.csv,12/25/2022 14:00,66.6
8.csv,12/25/2022 15:00,66
8.csv,12/25/2022 16:00,65.6
8.csv,12/25/2022 17:00,63.8
8.csv,12/25/2022 18:00,63.1
8.csv,12/25/2022 19:00,65.1
8.csv,12/25/2022 20:00,66.9
8.csv,12/25/2022 21:00,65.9
8.csv,12/25/2022 22:00,63.4
8.csv,12/25/2022 23:00,61.8
8.csv,12/26/2022 0:00,62.4
8.csv,12/26/2022 1:00,59.6
8.csv,12/26/2022 2:00,58.8
8.csv,12/26/2022 3:00,56.6
8.csv,12/26/2022 4:00,53.9
8.csv,12/26/2022 5:00,55.1
8.csv,12/26/2022 6:00,57.3
8.csv,12/26/2022 7:00,59
8.csv,12/26/2022 8:00,60.8
8.csv,12/26/2022 9:00,61.1
8.csv,12/26/2022 10:00,61.9
8.csv,12/26/2022 11:00,64.4
8.csv,12/26/2022 12:00,64.5
8.csv,12/26/2022 13:00,65.1
8.csv,12/26/2022 14:00,65.4
8.csv,12/26/2022 15:00,65.2
8.csv,12/26/2022 16:00,65.1
8.csv,12/26/2022 17:00,65.4
8.csv,12/26/2022 18:00,65.5
8.csv,12/26/2022 19:00,67.4
8.csv,12/26/2022 20:00,65.2
8.csv,12/26/2022 21:00,65.1
8.csv,12/26/2022 22:00,63.2
8.csv,12/26/2022 23:00,63.5
8.csv,12/27/2022 0:00,62.9
8.csv,12/27/2022 1:00,61
8.csv,12/27/2022 2:00,59.9
8.csv,12/27/2022 3:00,60.1
8.csv,12/27/2022 4:00,60.2
8.csv,12/27/2022 5:00,59
8.csv,12/27/2022 6:00,60
8.csv,12/27/2022 7:00,61.2
8.csv,12/27/2022 8:00,61.9
8.csv,12/27/2022 9:00,62.2
8.csv,12/27/2022 10:00,64.1
8.csv,12/27/2022 11:00,65.4
8.csv,12/27/2022 12:00,66
8.csv,12/27/2022 13:00,66.3
8.csv,12/27/2022 14:00,66.6
8.csv,12/27/2022 15:00,66.3
8.csv,12/27/2022 16:00,66.2
8.csv,12/27/2022 17:00,66.6
8.csv,12/27/2022 18:00,66.4
8.csv,12/27/2022 19:00,65.4
8.csv,12/27/2022 20:00,65.2
8.csv,12/27/2022 21:00,65
8.csv,12/27/2022 22:00,63.5
8.csv,12/27/2022 23:00,62.8
8.csv,12/28/2022 0:00,62.3
8.csv,12/28/2022 1:00,60.4
8.csv,12/28/2022 2:00,56.7
8.csv,12/28/2022 3:00,56.4
8.csv,12/28/2022 4:00,56.3
8.csv,12/28/2022 5:00,57.4
8.csv,12/28/2022 6:00,60.3
8.csv,12/28/2022 7:00,62.7
8.csv,12/28/2022 8:00,65.1
8.csv,12/28/2022 9:00,66.3
8.csv,12/28/2022 10:00,66.6
8.csv,12/28/2022 11:00,67.1
8.csv,12/28/2022 12:00,66.9
8.csv,12/28/2022 13:00,66.7
8.csv,12/28/2022 14:00,67
8.csv,12/28/2022 15:00,67.3
8.csv,12/28/2022 16:00,67
8.csv,12/28/2022 17:00,66.4
8.csv,12/28/2022 18:00,66
8.csv,12/28/2022 19:00,65.8
8.csv,12/28/2022 20:00,65
8.csv,12/28/2022 21:00,64.5
8.csv,12/28/2022 22:00,63.4
8.csv,12/28/2022 23:00,63.1
8.csv,12/29/2022 0:00,61.5
8.csv,12/29/2022 1:00,59.7
8.csv,12/29/2022 2:00,57.1
8.csv,12/29/2022 3:00,57
8.csv,12/29/2022 4:00,56.9
8.csv,12/29/2022 5:00,57.3
8.csv,12/29/2022 6:00,59.2
8.csv,12/29/2022 7:00,60.4
8.csv,12/29/2022 8:00,62.6
8.csv,12/29/2022 9:00,63.6
8.csv,12/29/2022 10:00,64.6
8.csv,12/29/2022 11:00,65.9
8.csv,12/29/2022 12:00,65.7
8.csv,12/29/2022 13:00,66.3
8.csv,12/29/2022 14:00,66.4
8.csv,12/29/2022 15:00,65.8
8.csv,12/29/2022 16:00,66.1
8.csv,12/29/2022 17:00,66.4
8.csv,12/29/2022 18:00,65.6
8.csv,12/29/2022 19:00,66.1
8.csv,12/29/2022 20:00,65.5
8.csv,12/29/2022 21:00,65.4
8.csv,12/29/2022 22:00,63.9
8.csv,12/29/2022 23:00,63.7
8.csv,12/30/2022 0:00,62.6
8.csv,12/30/2022 1:00,60.8
8.csv,12/30/2022 2:00,59.7
8.csv,12/30/2022 3:00,58.1
8.csv,12/30/2022 4:00,57.1
8.csv,12/30/2022 5:00,58.1
8.csv,12/30/2022 6:00,60
8.csv,12/30/2022 7:00,61.8
8.csv,12/30/2022 8:00,63.3
8.csv,12/30/2022 9:00,64.9
8.csv,12/30/2022 10:00,64.9
8.csv,12/30/2022 11:00,65.8
8.csv,12/30/2022 12:00,65.4
8.csv,12/30/2022 13:00,66.4
8.csv,12/30/2022 14:00,66.6
8.csv,12/30/2022 15:00,66.1
8.csv,12/30/2022 16:00,65.9
8.csv,12/30/2022 17:00,65.8
8.csv,12/30/2022 18:00,65.6
8.csv,12/30/2022 19:00,64.8
8.csv,12/30/2022 20:00,64.6
8.csv,12/30/2022 21:00,64.5
8.csv,12/30/2022 22:00,63.3
8.csv,12/30/2022 23:00,62.7
8.csv,12/31/2022 0:00,61.9
8.csv,12/31/2022 1:00,59.6
8.csv,12/31/2022 2:00,60.5
8.csv,12/31/2022 3:00,60.4
8.csv,12/31/2022 4:00,58.6
8.csv,12/31/2022 5:00,58.4
8.csv,12/31/2022 6:00,58.7
8.csv,12/31/2022 7:00,60.3
8.csv,12/31/2022 8:00,62.7
8.csv,12/31/2022 9:00,63.9
8.csv,12/31/2022 10:00,65.3
8.csv,12/31/2022 11:00,67.1
8.csv,12/31/2022 12:00,67.5
8.csv,12/31/2022 13:00,68
8.csv,12/31/2022 14:00,67.7
8.csv,12/31/2022 15:00,67.1
8.csv,12/31/2022 16:00,66.9
8.csv,12/31/2022 17:00,66.9
8.csv,12/31/2022 18:00,66.2
8.csv,12/31/2022 19:00,66.3
8.csv,12/31/2022 20:00,67.2
8.csv,12/31/2022 21:00,66.6
8.csv,12/31/2022 22:00,63.9
8.csv,12/31/2022 23:00,62.1
